retriever,query_id,n_results,precision_at_all,recall_at_all,f1_at_all,ndcg_at_all,mrr,ap,hit_rate_at_all,vs_Classic,vs_BM25
Classic,3634076,6,0.0,0.0,0.0,0.0,0.0,0.0,0,,0.16666666666666666
Classic,3773880,6,0.0,0.0,0.0,0.0,0.0,0.0,0,,0.16666666666666666
Classic,404991,8,0.0,0.0,0.0,0.0,0.0,0.0,0,,0.75
Classic,1217066,6,0.0,0.0,0.0,0.0,0.0,0.0,0,,0.16666666666666666
Classic,4012122,6,0.0,0.0,0.0,0.0,0.0,0.0,0,,0.16666666666666666
Classic,5710315,6,0.0,0.0,0.0,0.0,0.0,0.0,0,,0.16666666666666666
Classic,2839385,1,0.0,0.0,0.0,0.0,0.0,0.0,0,,0.0
Classic,1701710,6,0.0,0.0,0.0,0.0,0.0,0.0,0,,0.16666666666666666
Classic,4855971,29,0.0,0.0,0.0,0.0,0.0,0.0,0,,0.27586206896551724
Classic,4249195,6,0.0,0.0,0.0,0.0,0.0,0.0,0,,0.16666666666666666
BM25,3634076,1,0.0,0.0,0.0,0.0,0.0,0.0,0,1.0,
BM25,3773880,1,0.0,0.0,0.0,0.0,0.0,0.0,0,1.0,
BM25,404991,8,0.0,0.0,0.0,0.0,0.0,0.0,0,0.75,
BM25,1217066,1,0.0,0.0,0.0,0.0,0.0,0.0,0,1.0,
BM25,4012122,1,0.0,0.0,0.0,0.0,0.0,0.0,0,1.0,
BM25,5710315,1,0.0,0.0,0.0,0.0,0.0,0.0,0,1.0,
BM25,2839385,0,0.0,0.0,0.0,0.0,0.0,0.0,0,0.0,
BM25,1701710,1,0.0,0.0,0.0,0.0,0.0,0.0,0,1.0,
BM25,4855971,8,0.0,0.0,0.0,0.0,0.0,0.0,0,1.0,
BM25,4249195,1,0.0,0.0,0.0,0.0,0.0,0.0,0,1.0,
MinHashDBSCAN,3634076,5,0.2,1.0,0.33333333333333337,0.6309297535714575,0.5,0.5,1,0.0,0.0
MinHashDBSCAN,3773880,5,0.2,1.0,0.33333333333333337,0.6309297535714575,0.5,0.5,1,0.0,0.0
MinHashDBSCAN,404991,2,0.0,0.0,0.0,0.0,0.0,0.0,0,0.0,0.0
MinHashDBSCAN,1217066,5,0.2,1.0,0.33333333333333337,0.6309297535714575,0.5,0.5,1,0.0,0.0
MinHashDBSCAN,4012122,5,0.2,1.0,0.33333333333333337,0.6309297535714575,0.5,0.5,1,0.0,0.0
MinHashDBSCAN,5710315,5,0.2,1.0,0.33333333333333337,0.6309297535714575,0.5,0.5,1,0.0,0.0
MinHashDBSCAN,2839385,5,0.2,1.0,0.33333333333333337,0.6309297535714575,0.5,0.5,1,0.0,0.0
MinHashDBSCAN,1701710,5,0.2,1.0,0.33333333333333337,0.6309297535714575,0.5,0.5,1,0.0,0.0
MinHashDBSCAN,4855971,3,0.0,0.0,0.0,0.0,0.0,0.0,0,0.6666666666666666,0.6666666666666666
MinHashDBSCAN,4249195,5,0.2,1.0,0.33333333333333337,0.6309297535714575,0.5,0.5,1,0.0,0.0
MinHashLSH,3634076,1,0.0,0.0,0.0,0.0,0.0,0.0,0,1.0,0.0
MinHashLSH,3773880,1,0.0,0.0,0.0,0.0,0.0,0.0,0,1.0,0.0
MinHashLSH,404991,2,0.0,0.0,0.0,0.0,0.0,0.0,0,0.0,0.0
MinHashLSH,1217066,1,0.0,0.0,0.0,0.0,0.0,0.0,0,1.0,0.0
MinHashLSH,4012122,1,0.0,0.0,0.0,0.0,0.0,0.0,0,1.0,0.0
MinHashLSH,5710315,1,0.0,0.0,0.0,0.0,0.0,0.0,0,1.0,0.0
MinHashLSH,2839385,0,0.0,0.0,0.0,0.0,0.0,0.0,0,0.0,0.0
MinHashLSH,1701710,1,0.0,0.0,0.0,0.0,0.0,0.0,0,1.0,0.0
MinHashLSH,4855971,0,0.0,0.0,0.0,0.0,0.0,0.0,0,0.0,0.0
MinHashLSH,4249195,1,0.0,0.0,0.0,0.0,0.0,0.0,0,1.0,0.0
ProbMinHashDBSCAN,3634076,2,0.0,0.0,0.0,0.0,0.0,0.0,0,0.0,0.0
ProbMinHashDBSCAN,3773880,2,0.0,0.0,0.0,0.0,0.0,0.0,0,0.0,0.0
ProbMinHashDBSCAN,404991,2,0.0,0.0,0.0,0.0,0.0,0.0,0,0.0,0.0
ProbMinHashDBSCAN,1217066,2,0.0,0.0,0.0,0.0,0.0,0.0,0,0.0,0.0
ProbMinHashDBSCAN,4012122,2,0.0,0.0,0.0,0.0,0.0,0.0,0,0.0,0.0
ProbMinHashDBSCAN,5710315,2,0.0,0.0,0.0,0.0,0.0,0.0,0,0.0,0.0
ProbMinHashDBSCAN,2839385,2,0.0,0.0,0.0,0.0,0.0,0.0,0,0.0,0.0
ProbMinHashDBSCAN,1701710,2,0.0,0.0,0.0,0.0,0.0,0.0,0,0.0,0.0
ProbMinHashDBSCAN,4855971,2,0.0,0.0,0.0,0.0,0.0,0.0,0,1.0,1.0
ProbMinHashDBSCAN,4249195,2,0.0,0.0,0.0,0.0,0.0,0.0,0,0.0,0.0
ProbMinHashLSH,3634076,0,0.0,0.0,0.0,0.0,0.0,0.0,0,0.0,0.0
ProbMinHashLSH,3773880,0,0.0,0.0,0.0,0.0,0.0,0.0,0,0.0,0.0
ProbMinHashLSH,404991,0,0.0,0.0,0.0,0.0,0.0,0.0,0,0.0,0.0
ProbMinHashLSH,1217066,0,0.0,0.0,0.0,0.0,0.0,0.0,0,0.0,0.0
ProbMinHashLSH,4012122,0,0.0,0.0,0.0,0.0,0.0,0.0,0,0.0,0.0
ProbMinHashLSH,5710315,0,0.0,0.0,0.0,0.0,0.0,0.0,0,0.0,0.0
ProbMinHashLSH,2839385,0,0.0,0.0,0.0,0.0,0.0,0.0,0,0.0,0.0
ProbMinHashLSH,1701710,0,0.0,0.0,0.0,0.0,0.0,0.0,0,0.0,0.0
ProbMinHashLSH,4855971,0,0.0,0.0,0.0,0.0,0.0,0.0,0,0.0,0.0
ProbMinHashLSH,4249195,0,0.0,0.0,0.0,0.0,0.0,0.0,0,0.0,0.0
