retriever,query_id,memory_mb
Classic,3634076,0.11445808410644531
Classic,3773880,0.11445808410644531
Classic,404991,0.11510848999023438
Classic,1217066,0.11452484130859375
Classic,4012122,0.11448097229003906
Classic,5710315,0.11452484130859375
Classic,2839385,0.11443328857421875
Classic,1701710,0.11452484130859375
Classic,4855971,0.11497116088867188
Classic,4249195,0.11452484130859375
BM25,3634076,0.054739952087402344
BM25,3773880,0.05428314208984375
BM25,404991,0.05444812774658203
BM25,1217066,0.05428314208984375
BM25,4012122,0.05428314208984375
BM25,5710315,0.05428314208984375
BM25,2839385,0.054327964782714844
BM25,1701710,0.05428314208984375
BM25,4855971,0.05432605743408203
BM25,4249195,0.05428314208984375
MinHashDBSCAN,3634076,0.08639717102050781
MinHashDBSCAN,3773880,0.08585739135742188
MinHashDBSCAN,404991,0.08650970458984375
MinHashDBSCAN,1217066,0.08563613891601562
MinHashDBSCAN,4012122,0.08563613891601562
MinHashDBSCAN,5710315,0.08563613891601562
MinHashDBSCAN,2839385,0.08591365814208984
MinHashDBSCAN,1701710,0.08563613891601562
MinHashDBSCAN,4855971,0.08590888977050781
MinHashDBSCAN,4249195,0.08563613891601562
MinHashLSH,3634076,0.019086837768554688
MinHashLSH,3773880,0.0186614990234375
MinHashLSH,404991,0.019535064697265625
MinHashLSH,1217066,0.0186614990234375
MinHashLSH,4012122,0.0186614990234375
MinHashLSH,5710315,0.0186614990234375
MinHashLSH,2839385,0.01893901824951172
MinHashLSH,1701710,0.0186614990234375
MinHashLSH,4855971,0.018934249877929688
MinHashLSH,4249195,0.0186614990234375
ProbMinHashDBSCAN,3634076,0.08761405944824219
ProbMinHashDBSCAN,3773880,0.086700439453125
ProbMinHashDBSCAN,404991,0.08683967590332031
ProbMinHashDBSCAN,1217066,0.086700439453125
ProbMinHashDBSCAN,4012122,0.086700439453125
ProbMinHashDBSCAN,5710315,0.086700439453125
ProbMinHashDBSCAN,2839385,0.0865936279296875
ProbMinHashDBSCAN,1701710,0.086700439453125
ProbMinHashDBSCAN,4855971,0.08674812316894531
ProbMinHashDBSCAN,4249195,0.086700439453125
ProbMinHashLSH,3634076,0.023525238037109375
ProbMinHashLSH,3773880,0.022632598876953125
ProbMinHashLSH,404991,0.022815704345703125
ProbMinHashLSH,1217066,0.022632598876953125
ProbMinHashLSH,4012122,0.022632598876953125
ProbMinHashLSH,5710315,0.022632598876953125
ProbMinHashLSH,2839385,0.022525787353515625
ProbMinHashLSH,1701710,0.022632598876953125
ProbMinHashLSH,4855971,0.022678375244140625
ProbMinHashLSH,4249195,0.022632598876953125
