cms_width,ams_r,iteration,window_size,training_total_memory_bytes,testing_total_memory_bytes,training_total_memory_mb,testing_total_memory_mb
2048,16,0,10,201784,201784,0.1924362182617187,0.1924362182617187
2048,16,1,10,201784,201784,0.1924362182617187,0.1924362182617187
2048,16,2,10,201784,201784,0.1924362182617187,0.1924362182617187
2048,16,3,10,201784,201784,0.1924362182617187,0.1924362182617187
2048,16,4,10,201784,201784,0.1924362182617187,0.1924362182617187
2048,16,5,10,201784,201784,0.1924362182617187,0.1924362182617187
2048,16,6,10,201784,201784,0.1924362182617187,0.1924362182617187
2048,16,7,10,201784,201784,0.1924362182617187,0.1924362182617187
2048,16,8,10,201784,201784,0.1924362182617187,0.1924362182617187
2048,16,9,10,201784,201784,0.1924362182617187,0.1924362182617187
2048,16,10,10,201784,201784,0.1924362182617187,0.1924362182617187
2048,16,11,10,201784,201784,0.1924362182617187,0.1924362182617187
2048,16,12,10,201784,201784,0.1924362182617187,0.1924362182617187
2048,16,13,10,201784,201784,0.1924362182617187,0.1924362182617187
2048,16,14,10,201784,201784,0.1924362182617187,0.1924362182617187
2048,16,15,10,201784,201784,0.1924362182617187,0.1924362182617187
2048,16,16,10,201784,201784,0.1924362182617187,0.1924362182617187
2048,16,17,10,201784,201784,0.1924362182617187,0.1924362182617187
2048,16,18,10,201784,201784,0.1924362182617187,0.1924362182617187
2048,16,19,10,201784,201784,0.1924362182617187,0.1924362182617187
2048,16,20,10,201784,201784,0.1924362182617187,0.1924362182617187
2048,16,21,10,201784,201784,0.1924362182617187,0.1924362182617187
2048,16,22,10,201784,201784,0.1924362182617187,0.1924362182617187
2048,16,23,10,201784,201784,0.1924362182617187,0.1924362182617187
2048,16,24,10,201784,201784,0.1924362182617187,0.1924362182617187
2048,64,0,10,95876392,44779328,91.43485260009766,42.70489501953125
2048,64,1,10,95876392,44779328,91.43485260009766,42.70489501953125
2048,64,2,10,95876392,44779328,91.43485260009766,42.70489501953125
2048,64,3,10,95876392,44779328,91.43485260009766,42.70489501953125
2048,64,4,10,95876392,44779328,91.43485260009766,42.70489501953125
2048,64,5,10,95876392,44779328,91.43485260009766,42.70489501953125
2048,64,6,10,95876392,44779328,91.43485260009766,42.70489501953125
2048,64,7,10,95876392,44779328,91.43485260009766,42.70489501953125
2048,64,8,10,95876392,44779328,91.43485260009766,42.70489501953125
2048,64,9,10,95876392,44779328,91.43485260009766,42.70489501953125
2048,64,10,10,95876392,44779328,91.43485260009766,42.70489501953125
2048,64,11,10,95876392,44779328,91.43485260009766,42.70489501953125
2048,64,12,10,95876392,44779328,91.43485260009766,42.70489501953125
2048,64,13,10,95876392,44779328,91.43485260009766,42.70489501953125
2048,64,14,10,95876392,44779328,91.43485260009766,42.70489501953125
2048,64,15,10,95876392,44779328,91.43485260009766,42.70489501953125
2048,64,16,10,95876392,44779328,91.43485260009766,42.70489501953125
2048,64,17,10,95876392,44779328,91.43485260009766,42.70489501953125
2048,64,18,10,95876392,44779328,91.43485260009766,42.70489501953125
2048,64,19,10,95876392,44779328,91.43485260009766,42.70489501953125
2048,64,20,10,95876392,44779328,91.43485260009766,42.70489501953125
2048,64,21,10,95876392,44779328,91.43485260009766,42.70489501953125
2048,64,22,10,95876392,44779328,91.43485260009766,42.70489501953125
2048,64,23,10,95876392,44779328,91.43485260009766,42.70489501953125
2048,64,24,10,95876392,44779328,91.43485260009766,42.70489501953125
2048,256,0,10,98137192,45835328,93.5909194946289,43.71197509765625
2048,256,1,10,98137192,45835328,93.5909194946289,43.71197509765625
2048,256,2,10,98137192,45835328,93.5909194946289,43.71197509765625
2048,256,3,10,98137192,45835328,93.5909194946289,43.71197509765625
2048,256,4,10,98137192,45835328,93.5909194946289,43.71197509765625
2048,256,5,10,98137192,45835328,93.5909194946289,43.71197509765625
2048,256,6,10,98137192,45835328,93.5909194946289,43.71197509765625
2048,256,7,10,98137192,45835328,93.5909194946289,43.71197509765625
2048,256,8,10,98137192,45835328,93.5909194946289,43.71197509765625
2048,256,9,10,98137192,45835328,93.5909194946289,43.71197509765625
2048,256,10,10,98137192,45835328,93.5909194946289,43.71197509765625
2048,256,11,10,98137192,45835328,93.5909194946289,43.71197509765625
2048,256,12,10,98137192,45835328,93.5909194946289,43.71197509765625
2048,256,13,10,98137192,45835328,93.5909194946289,43.71197509765625
2048,256,14,10,98137192,45835328,93.5909194946289,43.71197509765625
2048,256,15,10,98137192,45835328,93.5909194946289,43.71197509765625
2048,256,16,10,98137192,45835328,93.5909194946289,43.71197509765625
2048,256,17,10,98137192,45835328,93.5909194946289,43.71197509765625
2048,256,18,10,98137192,45835328,93.5909194946289,43.71197509765625
2048,256,19,10,98137192,45835328,93.5909194946289,43.71197509765625
2048,256,20,10,98137192,45835328,93.5909194946289,43.71197509765625
2048,256,21,10,98137192,45835328,93.5909194946289,43.71197509765625
2048,256,22,10,98137192,45835328,93.5909194946289,43.71197509765625
2048,256,23,10,98137192,45835328,93.5909194946289,43.71197509765625
2048,256,24,10,98137192,45835328,93.5909194946289,43.71197509765625
8192,16,0,10,373095688,174266048,355.81177520751953,166.19305419921875
8192,16,1,10,373095688,174266048,355.81177520751953,166.19305419921875
8192,16,2,10,373095688,174266048,355.81177520751953,166.19305419921875
8192,16,3,10,373095688,174266048,355.81177520751953,166.19305419921875
8192,16,4,10,373095688,174266048,355.81177520751953,166.19305419921875
8192,16,5,10,373095688,174266048,355.81177520751953,166.19305419921875
8192,16,6,10,373095688,174266048,355.81177520751953,166.19305419921875
8192,16,7,10,373095688,174266048,355.81177520751953,166.19305419921875
8192,16,8,10,373095688,174266048,355.81177520751953,166.19305419921875
8192,16,9,10,373095688,174266048,355.81177520751953,166.19305419921875
8192,16,10,10,373095688,174266048,355.81177520751953,166.19305419921875
8192,16,11,10,373095688,174266048,355.81177520751953,166.19305419921875
8192,16,12,10,373095688,174266048,355.81177520751953,166.19305419921875
8192,16,13,10,373095688,174266048,355.81177520751953,166.19305419921875
8192,16,14,10,373095688,174266048,355.81177520751953,166.19305419921875
8192,16,15,10,373095688,174266048,355.81177520751953,166.19305419921875
8192,16,16,10,373095688,174266048,355.81177520751953,166.19305419921875
8192,16,17,10,373095688,174266048,355.81177520751953,166.19305419921875
8192,16,18,10,373095688,174266048,355.81177520751953,166.19305419921875
8192,16,19,10,373095688,174266048,355.81177520751953,166.19305419921875
8192,16,20,10,373095688,174266048,355.81177520751953,166.19305419921875
8192,16,21,10,373095688,174266048,355.81177520751953,166.19305419921875
8192,16,22,10,373095688,174266048,355.81177520751953,166.19305419921875
8192,16,23,10,373095688,174266048,355.81177520751953,166.19305419921875
8192,16,24,10,373095688,174266048,355.81177520751953,166.19305419921875
8192,64,0,10,373683496,174540608,356.37235260009766,166.45489501953125
8192,64,1,10,373683496,174540608,356.37235260009766,166.45489501953125
8192,64,2,10,373683496,174540608,356.37235260009766,166.45489501953125
8192,64,3,10,373683496,174540608,356.37235260009766,166.45489501953125
8192,64,4,10,373683496,174540608,356.37235260009766,166.45489501953125
8192,64,5,10,373683496,174540608,356.37235260009766,166.45489501953125
8192,64,6,10,373683496,174540608,356.37235260009766,166.45489501953125
8192,64,7,10,373683496,174540608,356.37235260009766,166.45489501953125
8192,64,8,10,373683496,174540608,356.37235260009766,166.45489501953125
8192,64,9,10,373683496,174540608,356.37235260009766,166.45489501953125
8192,64,10,10,373683496,174540608,356.37235260009766,166.45489501953125
8192,64,11,10,373683496,174540608,356.37235260009766,166.45489501953125
8192,64,12,10,373683496,174540608,356.37235260009766,166.45489501953125
8192,64,13,10,373683496,174540608,356.37235260009766,166.45489501953125
8192,64,14,10,373683496,174540608,356.37235260009766,166.45489501953125
8192,64,15,10,373683496,174540608,356.37235260009766,166.45489501953125
8192,64,16,10,373683496,174540608,356.37235260009766,166.45489501953125
8192,64,17,10,373683496,174540608,356.37235260009766,166.45489501953125
8192,64,18,10,373683496,174540608,356.37235260009766,166.45489501953125
8192,64,19,10,373683496,174540608,356.37235260009766,166.45489501953125
8192,64,20,10,373683496,174540608,356.37235260009766,166.45489501953125
8192,64,21,10,373683496,174540608,356.37235260009766,166.45489501953125
8192,64,22,10,373683496,174540608,356.37235260009766,166.45489501953125
8192,64,23,10,373683496,174540608,356.37235260009766,166.45489501953125
8192,64,24,10,373683496,174540608,356.37235260009766,166.45489501953125
8192,256,0,10,375944296,175596608,358.5284194946289,167.46197509765625
8192,256,1,10,375944296,175596608,358.5284194946289,167.46197509765625
8192,256,2,10,375944296,175596608,358.5284194946289,167.46197509765625
8192,256,3,10,375944296,175596608,358.5284194946289,167.46197509765625
8192,256,4,10,375944296,175596608,358.5284194946289,167.46197509765625
8192,256,5,10,375944296,175596608,358.5284194946289,167.46197509765625
8192,256,6,10,375944296,175596608,358.5284194946289,167.46197509765625
8192,256,7,10,375944296,175596608,358.5284194946289,167.46197509765625
8192,256,8,10,375944296,175596608,358.5284194946289,167.46197509765625
8192,256,9,10,375944296,175596608,358.5284194946289,167.46197509765625
8192,256,10,10,375944296,175596608,358.5284194946289,167.46197509765625
8192,256,11,10,375944296,175596608,358.5284194946289,167.46197509765625
8192,256,12,10,375944296,175596608,358.5284194946289,167.46197509765625
8192,256,13,10,375944296,175596608,358.5284194946289,167.46197509765625
8192,256,14,10,375944296,175596608,358.5284194946289,167.46197509765625
8192,256,15,10,375944296,175596608,358.5284194946289,167.46197509765625
8192,256,16,10,375944296,175596608,358.5284194946289,167.46197509765625
8192,256,17,10,375944296,175596608,358.5284194946289,167.46197509765625
8192,256,18,10,375944296,175596608,358.5284194946289,167.46197509765625
8192,256,19,10,375944296,175596608,358.5284194946289,167.46197509765625
8192,256,20,10,375944296,175596608,358.5284194946289,167.46197509765625
8192,256,21,10,375944296,175596608,358.5284194946289,167.46197509765625
8192,256,22,10,375944296,175596608,358.5284194946289,167.46197509765625
8192,256,23,10,375944296,175596608,358.5284194946289,167.46197509765625
8192,256,24,10,375944296,175596608,358.5284194946289,167.46197509765625
