SrcIPF0,DstIPF0,DstPortF0,SrcIPF2,DstIPF2,DstPortF2,Events_F1,SrcIP_BurstIndex,DstIP_BurstIndex,DstPort_BurstIndex,SrcIP_Concentration,DstIP_Concentration,DstPort_Concentration,SrcIP_MaxCount,DstIP_MaxCount,DstPort_MaxCount,SrcIP_FractionOfMass,DstIP_FractionOfMass,DstPort_FractionOfMass,Attack
127,49,226,2698.25,2601.75,4149.75,213,0.05947342899336552,0.05734642597368247,0.09146664021688819,0.16729183458366917,1.0836109954185755,0.08124657373326023,29,22,59,0.4225352112676056,0.3755868544600939,0.4647887323943662,1
111,56,335,7348.0,4284.5,8035.75,303,0.08003572634491173,0.04666753804093281,0.0875268219891296,0.5963801639477315,1.3662308673469388,0.0716039206950323,34,32,84,0.25412541254125415,0.21782178217821782,0.28052805280528054,1
102,50,660,11161.5,7262.0,12341.0,391,0.07300776420876368,0.04750099750786559,0.08072291520856091,1.0728085351787775,2.9048,0.028331037649219466,42,40,110,0.17391304347826086,0.2710997442455243,0.3273657289002558,1
97,55,535,6211.0,5851.25,10759.0,287,0.07540458182083065,0.07103704063421919,0.1306195291918076,0.6601126580933149,1.934297520661157,0.037589309109965933,37,32,101,0.24738675958188153,0.2229965156794425,0.4912891986062718,1
138,64,696,6956.0,6303.5,13315.5,295,0.07993105429474288,0.07243320884803217,0.15300775639184142,0.3652593992858643,1.5389404296875,0.02748773781212842,45,42,112,0.30847457627118646,0.26440677966101694,0.37966101694915255,1
124,50,854,6571.0,4671.0,12506.0,335,0.05855201603920695,0.04162174203608822,0.1114368456226331,0.4273543184183143,1.8684,0.017147573891152807,37,35,106,0.29253731343283584,0.3701492537313433,0.3970149253731343,1
101,46,500,6033.25,4820.5,5969.25,359,0.046812563527595226,0.0374027203389173,0.046315981409206945,0.5914371140084306,2.278119092627599,0.023877,33,29,82,0.3983286908077994,0.30919220055710306,0.2757660167130919,1
97,50,303,4934.25,3699.0,6297.5,271,0.06718658514998434,0.05036696123418799,0.08574910472351956,0.5244181103199065,1.4796,0.06859349301266761,32,29,79,0.24354243542435425,0.2988929889298893,0.35793357933579334,1
102,46,462,4846.5,4197.0,3989.0,259,0.0722484757233792,0.06256615136924017,0.059465422399785334,0.4658304498269896,1.9834593572778827,0.018688742714716742,30,19,57,0.17374517374517376,0.21235521235521235,0.28185328185328185,1
133,52,409,4735.5,4822.0,6663.5,247,0.07761969545476897,0.07903751905456571,0.10922159025717518,0.2677087455480807,1.7832840236686391,0.039834171244791695,43,38,75,0.46558704453441296,0.5951417004048583,0.30364372469635625,1
96,50,425,5815.0,3555.0,4954.0,311,0.06012138005190186,0.03675520310997612,0.05121948697800891,0.6309678819444444,1.422,0.027426989619377163,41,24,67,0.22508038585209003,0.19614147909967847,0.24437299035369775,1
103,49,509,6703.75,6011.5,7227.5,259,0.09993515302395611,0.08961553942248923,0.10774287801314829,0.6318927325855406,2.5037484381507706,0.027896680960780604,44,26,84,0.5984555984555985,0.1776061776061776,0.3783783783783784,1
101,49,488,5871.0,5321.5,11232.0,279,0.07542297760820134,0.06836371577960201,0.1442941380506417,0.5755318106068033,2.2163681799250314,0.047164740661112606,4,32,99,0.014336917562724014,0.32616487455197135,0.4014336917562724,1
130,50,473,6326.5,4466.0,7116.5,299,0.07076542767977986,0.049954698493305444,0.07960201787452043,0.3743491124260355,1.7864,0.03180857197770517,29,26,78,0.36789297658862874,0.23076923076923078,0.2608695652173913,1
134,55,628,7675.0,6321.0,9596.0,303,0.08359746865775687,0.06884945920334608,0.10452134322343125,0.42743372688794834,2.089586776859504,0.02433161588705424,45,30,91,0.24092409240924093,0.1716171617161716,0.5082508250825083,1
96,49,257,5273.0,5117.5,7752.25,259,0.07860646084584308,0.0762883677941593,0.11556551035315514,0.5721571180555556,2.1314035818408996,0.11737119411346122,38,32,82,0.3745173745173745,0.26640926640926643,0.3166023166023166,1
96,50,301,6837.5,4704.5,8877.5,303,0.07447526930910912,0.0512422529381651,0.09669531309566601,0.7419162326388888,1.8818,0.09798456970673614,37,31,86,0.19471947194719472,0.3333333333333333,0.41914191419141916,1
96,46,563,5873.0,3398.0,6052.5,283,0.07333091935222065,0.0424277990735307,0.07557217595425089,0.6372612847222222,1.60586011342155,0.019094927264180408,34,27,75,0.3462897526501767,0.31095406360424027,0.34275618374558303,1
97,46,525,5885.0,5851.25,9979.75,303,0.06410046945288589,0.06373285843435829,0.1087012166563191,0.6254649803379743,2.765241020793951,0.03620770975056689,42,43,95,0.3465346534653465,0.3201320132013201,0.40594059405940597,1
98,49,380,4574.25,4318.25,6126.5,255,0.07034602076124567,0.06640907343329489,0.09421760861207228,0.4762859225322782,1.798521449396085,0.042427285318559556,23,38,73,0.18823529411764706,0.41568627450980394,0.4235294117647059,1
133,52,325,5007.0,4420.5,4867.5,271,0.06817717623670702,0.06019117386745823,0.06627769229721818,0.28305726722822094,1.6348002958579881,0.04608284023668639,31,37,51,0.3247232472324723,0.41697416974169743,0.33948339483394835,1
122,50,298,6632.25,3660.25,5970.5,323,0.06357053168342455,0.03508372552214629,0.057227616482473716,0.4455959419510884,1.4641,0.06723233187694248,43,36,68,0.4055727554179567,0.2631578947368421,0.39009287925696595,1
96,49,272,5886.0,5412.5,9564.5,383,0.040125708130807354,0.03689779056370962,0.06520257142662367,0.638671875,2.2542690545606,0.1292779519896194,38,29,86,0.14360313315926893,0.2924281984334204,0.32114882506527415,1
96,46,343,5148.0,4995.5,9446.0,355,0.040849037889307674,0.039638960523705614,0.07495338226542353,0.55859375,2.3608223062381852,0.08028967522035886,32,28,88,0.23098591549295774,0.29295774647887324,0.35492957746478876,1
99,50,277,5049.25,3670.0,7272.75,223,0.10153532144221682,0.07379999597820186,0.14624766232982767,0.5151770227527803,1.468,0.09478489228323059,25,26,71,0.4798206278026906,0.40358744394618834,0.5426008968609866,1
133,51,392,7383.0,4890.0,8749.0,255,0.11354094579008074,0.07520184544405997,0.13454825067281814,0.417378031545028,1.8800461361014995,0.05693591211995002,31,41,83,0.39215686274509803,0.25098039215686274,0.5725490196078431,1
95,50,592,6995.5,6184.0,7805.5,295,0.0803849468543522,0.07106004021832807,0.08969261706406205,0.7751246537396121,2.4736,0.022271902392257122,32,48,79,0.29491525423728815,0.37966101694915255,0.2745762711864407,1
101,50,203,5296.25,3393.5,7124.5,283,0.06612955586909564,0.042371611582114894,0.08895728502041479,0.5191892951671405,1.3574,0.17288699070591376,28,17,68,0.303886925795053,0.06007067137809187,0.4876325088339223,1
122,49,443,5199.0,5021.0,6238.0,287,0.06311840619650597,0.060957399021476524,0.07573237504400927,0.3493012631013169,2.0912119950020824,0.03178614922878588,23,31,71,0.21254355400696864,0.24041811846689895,0.3588850174216028,1
97,49,395,6306.5,6844.5,6452.5,271,0.08587165207445432,0.09319726038588799,0.08785964243406272,0.6702625146136678,2.8506872136609744,0.04135555199487262,45,48,71,0.4981549815498155,0.4132841328413284,0.3726937269372694,1
98,45,538,4721.25,4098.5,6502.25,283,0.058950043077076755,0.05117431857059022,0.08118780356853,0.4915920449812578,2.0239506172839508,0.02246462182667459,35,27,70,0.392226148409894,0.3215547703180212,0.3321554770318021,1
133,54,440,5825.5,3810.0,8984.0,267,0.08171667438174192,0.05344443041703489,0.12602224747155943,0.3293289615014981,1.3065843621399178,0.04640495867768595,37,26,83,0.26591760299625467,0.3146067415730337,0.45318352059925093,1
96,50,293,5122.5,4538.25,6728.75,227,0.09941004094781579,0.08807176541365057,0.13058180830212113,0.5558268229166666,1.8153,0.07837889783224034,25,24,76,0.1762114537444934,0.17180616740088106,0.4933920704845815,1
101,46,447,6138.0,5291.5,8174.0,295,0.07053145647802356,0.06080436656133295,0.09392703246193622,0.601705715125968,2.5007088846880907,0.04090906816009289,43,29,76,0.23389830508474577,0.26101694915254237,0.2983050847457627,1
95,50,422,6261.5,3808.0,5639.25,227,0.12151409885695434,0.0739001339051796,0.10943837450755885,0.6937950138504155,1.5232,0.03166623615821747,31,25,68,0.45374449339207046,0.28634361233480177,0.4977973568281938,1
125,49,300,5369.0,4419.0,7006.0,271,0.07310630301874975,0.0601707493089691,0.0953963045165507,0.343616,1.8404831320283215,0.07784444444444444,36,32,67,0.28413284132841327,0.25830258302583026,0.47601476014760147,1
133,51,540,5343.0,4012.0,6334.0,295,0.06139615053145648,0.04610169491525424,0.07278368284975582,0.30205212278817345,1.542483660130719,0.02172153635116598,27,36,70,0.3152542372881356,0.4101694915254237,0.23728813559322035,1
96,46,378,6753.5,4505.0,4613.0,287,0.0819907975087715,0.05469290631184062,0.056004079204555114,0.7328016493055556,2.1290170132325144,0.03228493043307858,35,27,56,0.3240418118466899,0.17421602787456447,0.3205574912891986,1
96,49,413,6182.0,4292.0,6829.0,271,0.08417641371985675,0.058441470023556326,0.09298620661483367,0.6707899305555556,1.787588504789671,0.04003658343544255,37,25,70,0.3800738007380074,0.3800738007380074,0.26199261992619927,1
101,50,271,6869.5,3809.0,5564.0,287,0.08339909431946485,0.04624312544768056,0.06754968495429106,0.6734143711400843,1.5236,0.07576149562233629,29,31,61,0.313588850174216,0.3832752613240418,0.34494773519163763,1
96,50,492,5279.0,4308.0,5691.0,299,0.05904855650384224,0.04818738045435733,0.06365700607375756,0.5728081597222222,1.7232,0.023510311322625422,27,30,64,0.26755852842809363,0.36789297658862874,0.27424749163879597,1
125,50,426,6279.0,4824.0,6487.0,271,0.085497201835487,0.06568538010103349,0.08832940727931264,0.401856,1.9296,0.03574577354581322,33,28,67,0.4354243542435424,0.31365313653136534,0.47601476014760147,1
133,52,1227,7080.75,5033.75,5029.75,303,0.0771247916870895,0.054828502652245426,0.05478493393893845,0.4002911413873028,1.8615939349112427,0.003340852285143627,36,32,62,0.22112211221122113,0.24752475247524752,0.38943894389438943,1
96,46,688,8006.75,6902.75,6960.75,291,0.0945519065669985,0.08151474356703392,0.08219966698551033,0.8687879774305556,3.262169187145558,0.01470547846809086,49,35,68,0.27491408934707906,0.15463917525773196,0.4329896907216495,1
96,50,273,5594.5,4530.0,5518.25,279,0.07187086496833288,0.05819555247234748,0.07089130406854999,0.6070421006944444,1.812,0.07404164821747239,31,31,59,0.3655913978494624,0.3942652329749104,0.32616487455197135,1
67,41,429,6057.25,4798.5,3438.0,239,0.10604243623185869,0.08400588224996061,0.06018802191838378,1.349353976386723,2.8545508625817964,0.01868062007922148,24,36,15,0.200836820083682,0.17154811715481172,0.1087866108786611,1
99,45,387,5752.0,4459.0,3889.0,299,0.06433932506347803,0.04987639959284572,0.04350063198398228,0.5868788899091929,2.201975308641975,0.02596665531585308,37,33,46,0.3411371237458194,0.3612040133779264,0.22408026755852842,0
133,54,698,5736.0,3866.5,4422.0,279,0.07368867306432343,0.0496717668066957,0.05680810883724515,0.3242693199163322,1.325960219478738,0.009076280161903432,30,24,51,0.2831541218637993,0.08602150537634409,0.25448028673835127,1
124,50,467,6982.75,5296.25,6507.25,263,0.10095201607656609,0.07656970608220445,0.09407754919111162,0.45413306451612906,2.1185,0.029837589241089646,30,27,66,0.2661596958174905,0.18250950570342206,0.4866920152091255,1
96,50,349,8256.5,5471.0,5881.5,271,0.11242357811031985,0.0744951729960104,0.08008469383586825,0.8958875868055556,2.1884,0.04828778088849845,40,33,63,0.44649446494464945,0.3763837638376384,0.23985239852398524,1
96,50,333,9589.75,6763.25,7543.5,295,0.11019534616489514,0.07771617351335823,0.08668198793450158,1.0405544704861112,2.7053,0.06802748694640587,48,27,71,0.29491525423728815,0.09491525423728814,0.36610169491525424,1
96,50,635,7777.0,6968.0,8116.5,327,0.07273050341815597,0.06516473547868211,0.07590550739275594,0.8438585069444444,2.7872,0.020128960257920516,35,34,70,0.19877675840978593,0.44648318042813456,0.42813455657492355,1
104,49,392,4709.25,3161.0,4296.5,255,0.07242214532871973,0.04861207227989235,0.06607458669742407,0.43539663461538464,1.3165347771761766,0.027960355060391504,32,25,52,0.27450980392156865,0.2196078431372549,0.3058823529411765,1
133,52,418,5245.0,3798.0,3789.0,255,0.08066128412149173,0.0584083044982699,0.058269896193771625,0.2965119565831873,1.404585798816568,0.021685629907740207,32,31,52,0.47058823529411764,0.5019607843137255,0.20392156862745098,1
96,50,355,5437.5,5097.0,3910.0,319,0.053434026788258766,0.05008795117972504,0.03842336455026975,0.5900065104166666,2.0388,0.031025590160682404,41,39,48,0.3103448275862069,0.26332288401253917,0.15673981191222572,0
96,50,227,6711.5,4364.5,6106.5,271,0.0913862828665187,0.059428657017197475,0.08314837760923735,0.7282443576388888,1.7458,0.11850608395272565,29,29,62,0.19557195571955718,0.2730627306273063,0.33210332103321033,1
124,52,229,4814.5,4514.5,5163.5,271,0.06555602456393568,0.06147111286611021,0.0703081385057393,0.3131178459937565,1.6695636094674555,0.09846303464846208,29,21,50,0.1070110701107011,0.07749077490774908,0.4095940959409594,1
98,50,285,5650.0,4695.5,5284.5,259,0.08422653210297998,0.0699974657503615,0.07877789538021199,0.5882965431070387,1.8782,0.06506001846722069,44,24,61,0.5019305019305019,0.1583011583011583,0.26640926640926643,1
133,54,470,5471.25,4593.75,4570.0,295,0.06286986498132721,0.052786555587474866,0.05251364550416547,0.30930239131663745,1.5753600823045268,0.02068809416025351,0,36,51,0.0,0.24745762711864408,0.17288135593220338,0
101,50,287,5168.5,4283.25,5633.25,215,0.11181179015684153,0.09266089778258518,0.12186587344510547,0.506666013135967,1.7133,0.0683904138692955,30,40,61,0.20930232558139536,0.3953488372093023,0.40930232558139534,1
96,49,233,4940.0,3887.0,4384.5,223,0.09933841420499105,0.07816364696655875,0.088167869854612,0.5360243055555556,1.618908788004998,0.08076221702370646,30,29,44,0.34080717488789236,0.39461883408071746,0.49327354260089684,1
96,50,631,5366.0,2893.0,3863.5,235,0.0971661385242191,0.05238569488456315,0.06995925758261656,0.5822482638888888,1.1572,0.009703361203131396,28,30,46,0.3276595744680851,0.3702127659574468,0.3574468085106383,1
67,39,553,4032.0,2486.5,3419.25,183,0.12039774254232734,0.0742482606228911,0.10210068977873332,0.8981955892180886,1.6347797501643655,0.011180998597163589,23,22,37,0.4371584699453552,0.2786885245901639,0.2677595628415301,1
65,40,506,5394.0,3875.5,3464.0,335,0.04806415682780129,0.03453330363109824,0.03086656270884384,1.2766863905325443,2.4221875,0.01352934743551688,29,42,39,0.25970149253731345,0.3194029850746269,0.16716417910447762,0
98,45,415,5495.75,4014.0,2755.5,247,0.09008097165991903,0.06579357144027931,0.0451654673900572,0.5722355268638067,1.9822222222222223,0.015999419364203803,35,23,35,0.3522267206477733,0.20647773279352227,0.2631578947368421,1
67,42,353,4153.0,2753.5,5668.0,259,0.06191022793339396,0.04104739046823989,0.08449486441764434,0.9251503675651592,1.5609410430839001,0.04548628108724089,36,22,56,0.305019305019305,0.1776061776061776,0.38223938223938225,1
65,40,312,6341.5,3231.0,5066.5,287,0.07698891573286067,0.039225922373708554,0.06150979130498124,1.5009467455621301,2.019375,0.05204737836949375,35,25,46,0.34146341463414637,0.17073170731707318,0.3588850174216028,1
65,42,443,5875.5,3785.5,3727.0,251,0.09326042443770734,0.06008634783574864,0.059157791146172284,1.3906508875739645,2.1459750566893425,0.018991179572889542,26,32,40,0.38247011952191234,0.4103585657370518,0.23904382470119523,1
104,46,443,5301.0,4385.0,3254.0,287,0.06435673615073632,0.05323604754215785,0.03950515363789775,0.4901072485207101,2.0723062381852553,0.016580976208795967,10,30,34,0.03484320557491289,0.10452961672473868,0.11846689895470383,1
97,55,475,4730.0,4170.0,4298.0,311,0.048903547316508304,0.04311369816275679,0.04443709225504285,0.5027101711127644,1.3785123966942148,0.019049307479224377,27,22,46,0.3054662379421222,0.13504823151125403,0.2572347266881029,0
97,50,234,6745.25,4576.5,5452.5,287,0.08189063846835581,0.0555609513287766,0.06619602034746082,0.7168933999362312,1.8306,0.09957812842428226,24,22,61,0.2682926829268293,0.14982578397212543,0.24041811846689895,1
130,66,759,5299.5,4356.0,3424.5,283,0.06617013572400704,0.054389491690494327,0.04275868096742374,0.3135798816568047,1.0,0.005944476557984034,32,36,47,0.4204946996466431,0.2862190812720848,0.2226148409893993,1
137,49,476,5474.0,3313.25,4390.25,251,0.08688750972206791,0.05259043507245917,0.06968540181901875,0.2916511268581171,1.3799458558933777,0.019376500600240095,40,22,52,0.20717131474103587,0.1553784860557769,0.3147410358565737,1
99,56,466,4721.25,3816.5,3512.25,275,0.0624297520661157,0.05046611570247934,0.04644297520661157,0.48171104989286806,1.2169961734693877,0.01617385658236475,31,31,47,0.23272727272727273,0.36727272727272725,0.1709090909090909,1
141,56,351,5322.5,3963.5,4041.5,263,0.0769492113519062,0.057301681389061575,0.058429354190461046,0.26771792163372066,1.2638711734693877,0.032804116849700894,48,16,55,0.28517110266159695,0.07984790874524715,0.22813688212927757,1
111,49,419,5827.0,4606.0,5132.0,291,0.06881118550796518,0.05439236664659133,0.060603913510704883,0.47293239185131075,1.9183673469387754,0.02923200483022995,36,32,57,0.3333333333333333,0.140893470790378,0.21305841924398625,1
98,50,419,4812.25,3480.5,5378.25,311,0.04975393141096556,0.03598494639220025,0.055605814662792984,0.50106726364015,1.3922,0.03063465120385507,33,27,56,0.28938906752411575,0.1157556270096463,0.40192926045016075,1
96,50,359,4755.25,3948.75,5941.25,287,0.05773106387111656,0.04793975888987362,0.07212968471148126,0.5159776475694444,1.5795,0.04609872673241207,24,29,64,0.27526132404181186,0.289198606271777,0.43902439024390244,1
102,50,393,7164.5,4502.5,6515.5,343,0.06089724519545427,0.038270618534794174,0.055380836216202434,0.6886293733179546,1.801,0.042185446328561534,42,32,69,0.3935860058309038,0.19533527696793002,0.3819241982507289,1
125,50,643,5962.0,3282.0,5137.0,287,0.0723815998737389,0.03984508735082373,0.062365695832169867,0.381568,1.3128,0.012424748880756757,33,29,62,0.4250871080139373,0.2682926829268293,0.3519163763066202,1
133,64,402,6355.5,4818.25,9252.5,311,0.06570961838690667,0.04981596550904147,0.09566174874122475,0.3592910848549946,1.17633056640625,0.0572541521249474,29,22,81,0.24115755627009647,0.19292604501607716,0.45016077170418006,1
97,50,434,4908.0,3766.75,5504.0,219,0.1023331456808657,0.07853777027167907,0.11475990909280458,0.5216282282920608,1.5067,0.02922126186582854,33,28,56,0.3013698630136986,0.2374429223744292,0.589041095890411,1
126,55,356,4967.5,3638.75,6475.5,279,0.06381598386454439,0.04674593080767205,0.08318880795467684,0.3128936759889141,1.2028925619834712,0.05109440095947482,28,18,70,0.35125448028673834,0.08243727598566308,0.25089605734767023,1
96,49,674,5716.75,4694.0,5187.75,223,0.11495807275432846,0.09439160248547125,0.10432041665828792,0.6203070746527778,1.9550187421907539,0.011419819669099843,32,30,67,0.5067264573991032,0.36771300448430494,0.45739910313901344,1
99,49,406,7060.25,4074.25,7307.25,243,0.11956595369946993,0.0689977815034971,0.12374892038815222,0.7203601673298643,1.6968971261974177,0.04433042539251134,31,24,71,0.24691358024691357,0.2839506172839506,0.5102880658436214,1
133,54,374,3951.0,4036.0,7643.0,243,0.06691053193110806,0.06835001439482463,0.12943487611983268,0.22335914975408447,1.384087791495199,0.05464125368183248,29,20,71,0.25925925925925924,0.1934156378600823,0.29218106995884774,1
97,49,383,5787.0,4511.0,8650.75,263,0.08366464745767613,0.0652170770142694,0.12506686521418556,0.6150494207673504,1.8788004997917533,0.05897340632221912,33,31,85,0.22813688212927757,0.2737642585551331,0.5741444866920152,1
97,50,405,5910.0,4946.75,7475.25,223,0.11884413521285367,0.0994741498924169,0.15031973295260312,0.6281220108406844,1.9787,0.04557384545038866,34,32,82,0.3183856502242152,0.5605381165919282,0.5022421524663677,1
97,46,228,6216.0,4308.5,8319.0,267,0.08719437781424905,0.06043709408183591,0.1166940201153053,0.6606440641938569,2.0361531190926274,0.16003000923361035,38,21,82,0.41198501872659177,0.149812734082397,0.46441947565543074,1
96,46,375,7862.5,6387.0,9588.0,255,0.12091503267973856,0.0982237600922722,0.14745098039215687,0.8531358506944444,3.018431001890359,0.06818133333333333,26,33,92,0.19607843137254902,0.2235294117647059,0.47843137254901963,1
127,49,608,5278.0,5576.75,10786.5,291,0.06232803108135237,0.06585597713772866,0.1273780422999256,0.32723665447330896,2.3226780508121614,0.02917920057132964,31,29,99,0.4329896907216495,0.3711340206185567,0.35738831615120276,1
139,63,651,5717.75,5430.0,8729.25,287,0.0694162852529471,0.0659228593281453,0.10597737012711093,0.29593447544122975,1.3681027966742252,0.020597521006321364,29,33,87,0.21254355400696864,0.2682926829268293,0.519163763066202,1
102,50,454,5811.5,4713.0,7478.0,271,0.07913154777304231,0.06417396277283806,0.10182323225446277,0.5585832372164552,1.8852,0.03628054105455181,25,36,87,0.11070110701107011,0.3025830258302583,0.35424354243542433,1
96,50,441,5993.5,5452.0,9853.5,275,0.07925289256198347,0.07209256198347107,0.13029421487603307,0.6503363715277778,2.1808,0.05066561772101131,32,39,96,0.4218181818181818,0.44727272727272727,0.48363636363636364,1
96,49,586,7164.0,5729.5,8737.25,311,0.07406871310263541,0.05923739415432016,0.09033457056895607,0.77734375,2.3862973760932946,0.025443656885927618,39,0,90,0.45016077170418006,0.0,0.38263665594855306,1
98,45,535,7294.75,6517.0,10078.75,303,0.07945571784901262,0.07098432615538781,0.10977954231066671,0.7595533111203665,3.2182716049382716,0.035212682330334526,27,32,95,0.36633663366336633,0.3201320132013201,0.3432343234323432,1
132,52,511,6245.5,6229.5,7668.5,279,0.08023406687992189,0.08002851967472155,0.09851492144242752,0.358442378328742,2.303809171597633,0.02936761118408707,39,33,86,0.4336917562724014,0.27956989247311825,0.4050179211469534,1
97,50,430,6078.0,4781.5,6329.0,291,0.0717752506465441,0.05646485043870526,0.074739315785123,0.6459772558188968,1.9126,0.03422931314223905,31,33,71,0.25773195876288657,0.3951890034364261,0.281786941580756,1
96,46,284,4664.75,3341.25,5190.25,283,0.058244577907078376,0.04171921237623144,0.06480602829352346,0.5061577690972222,1.5790406427221173,0.06435045129934537,33,26,63,0.4169611307420495,0.2579505300353357,0.36395759717314485,1
103,49,561,5793.5,4717.5,6937.5,311,0.05989909120046319,0.0487743096121835,0.07172692590026984,0.5460929399566405,1.9648063306955434,0.022043333619300904,32,38,76,0.4565916398713826,0.2829581993569132,0.3247588424437299,1
96,49,613,4427.75,3305.0,5638.75,291,0.052287408037222045,0.039028825828698294,0.06658813665403102,0.4804416232638889,1.3765097875885048,0.015005894578850305,32,31,66,0.17869415807560138,0.3127147766323024,0.41580756013745707,1
125,50,470,6915.75,4725.75,5483.75,327,0.06467609348259125,0.04419521364643829,0.05128402958972776,0.442608,1.8903,0.024824581258488004,40,31,70,0.4648318042813456,0.1743119266055046,0.28440366972477066,1
133,54,367,3735.5,3490.5,4165.0,227,0.07249315919191135,0.0677385549884531,0.0808282714587902,0.21117643733393635,1.1970164609053497,0.030923089487634475,28,24,57,0.21585903083700442,0.1762114537444934,0.33480176211453744,1
97,50,347,5045.25,3487.25,6889.5,279,0.06481481481481481,0.04479965570843129,0.08850734188923574,0.5362153257519396,1.3949,0.05721748374290958,34,31,68,0.4014336917562724,0.3727598566308244,0.2903225806451613,1
101,49,252,4659.0,3670.5,5253.0,275,0.06160661157024793,0.04853553719008265,0.06946115702479339,0.45671992941868444,1.528738025822574,0.08271919879062736,33,25,61,0.4909090909090909,0.32,0.22545454545454546,1
99,49,391,5652.75,4088.5,5368.25,287,0.06862715341936894,0.049636392332066674,0.06517318408624603,0.5767523722069177,1.702832153269471,0.035113912127733335,38,40,72,0.4878048780487805,0.2961672473867596,0.4146341463414634,1
98,50,520,6177.75,4823.25,8709.5,367,0.04586677456956396,0.035810274038711405,0.06466378100661524,0.6432476051645147,1.9293,0.032209689349112426,31,21,80,0.2125340599455041,0.16076294277929154,0.2888283378746594,1
133,54,436,7186.5,4854.5,8367.5,271,0.09785405972140902,0.06610067945697908,0.11393499543851528,0.4062694329809486,1.6647805212620028,0.044017233397862135,27,25,88,0.3800738007380074,0.3505535055350554,0.3247232472324723,1
95,50,452,5610.5,5261.5,9307.5,339,0.04882049407854091,0.045783625273013634,0.0809904195055734,0.6216620498614959,2.1046,0.045557110971885036,30,28,95,0.2861356932153392,0.08259587020648967,0.40412979351032446,1
124,50,416,5516.75,5217.0,7724.75,295,0.06339270324619362,0.05994829072105717,0.08876472278081012,0.3587896722164412,2.0868,0.04463728504068047,31,19,85,0.2711864406779661,0.11864406779661017,0.33559322033898303,1
101,50,386,6074.5,5789.25,8955.25,263,0.08782113374488572,0.08369717648079342,0.12946912634272578,0.595480835212234,2.3157,0.060103962522483824,30,34,96,0.3193916349809886,0.5095057034220533,0.4068441064638783,1
96,49,386,6449.5,6033.0,10868.0,343,0.0548198454725497,0.05127965388571089,0.09237647578814949,0.6998155381944444,2.5127030403998334,0.07294155547799941,37,34,103,0.36443148688046645,0.22740524781341107,0.3935860058309038,1
98,45,344,6026.0,5747.0,5582.5,311,0.06230291250090467,0.05941832694037489,0.05771755875146039,0.6274468971261974,2.8380246913580245,0.047174993239588965,29,47,75,0.2797427652733119,0.2508038585209003,0.24758842443729903,1
98,44,258,5208.5,3221.0,3338.5,231,0.09760874046588332,0.06036243698581361,0.06256441970727684,0.542326114119117,1.6637396694214877,0.05015473829697734,27,37,43,0.31601731601731603,0.2597402597402597,0.37662337662337664,0
65,41,449,6624.0,4203.5,3090.25,251,0.10514118823510737,0.06672116315614038,0.049050808717321946,1.567810650887574,2.5005948839976204,0.01532854499729664,34,30,42,0.5219123505976095,0.4820717131474104,0.22310756972111553,0
92,41,510,4872.5,3686.5,2054.0,211,0.10944273488915343,0.08280362076323533,0.04613553154691045,0.5756734404536862,2.1930398572278405,0.007896962706651288,27,26,35,0.41232227488151657,0.2037914691943128,0.16587677725118483,1
61,39,426,3931.5,3152.5,2429.0,243,0.06658029771884368,0.05338786431607648,0.04113532828667717,1.0565708142972319,2.072649572649573,0.013384689986554696,30,30,41,0.448559670781893,0.4691358024691358,0.1728395061728395,1
72,41,378,5431.75,2653.5,2783.25,215,0.11750676041103299,0.05740400216333153,0.060210924824229316,1.0477912808641976,1.5785246876859012,0.019479087931468884,19,17,39,0.10697674418604651,0.13488372093023257,0.42790697674418604,1
98,42,561,5373.5,3602.0,2795.5,251,0.0852922969476675,0.05717369565562452,0.044372311550610305,0.5595064556434819,2.0419501133786846,0.00888247050562244,22,27,40,0.08764940239043825,0.47410358565737054,0.1593625498007968,1
65,40,375,4851.0,3361.0,3974.0,291,0.05728557763843129,0.03969013119826171,0.04692906319008987,1.1481656804733729,2.100625,0.028259555555555555,36,27,54,0.2920962199312715,0.281786941580756,0.38144329896907214,1
64,41,466,5173.5,3671.0,3187.5,259,0.07712317943978175,0.05472488484071496,0.04751718072181393,1.2630615234375,2.1838191552647235,0.014678387887048942,39,37,47,0.28185328185328185,0.4942084942084942,0.3359073359073359,0
67,41,296,5816.0,4044.0,2600.5,259,0.08670115233821797,0.060285326694593105,0.03876656579359282,1.295611494764981,2.4057108863771566,0.029680651935719504,41,34,41,0.3552123552123552,0.3359073359073359,0.1583011583011583,0
98,40,296,4112.25,3708.0,3341.75,295,0.047253662740591784,0.042608445848894,0.03839988509049124,0.42818096626405666,2.3175,0.038140864682249816,34,17,41,0.24745762711864408,0.11186440677966102,0.2983050847457627,1
65,41,327,5083.0,3707.0,3533.5,257,0.07695801601841057,0.05612499810746567,0.05349816045663068,1.2030769230769232,2.20523497917906,0.033045291735637666,30,27,52,0.40077821011673154,0.38910505836575876,0.20233463035019456,1
98,44,420,5538.25,4500.5,1965.75,211,0.12439635228319221,0.10108712742301386,0.04415332090474158,0.5766607663473553,2.324638429752066,0.011143707482993197,37,30,34,0.33175355450236965,0.25118483412322273,0.33175355450236965,0
65,41,500,5166.0,2916.75,3073.0,243,0.08748666361835086,0.04939541736523904,0.052041524835306274,1.2227218934911244,1.7351279000594884,0.012292,31,32,38,0.37448559670781895,0.21810699588477367,0.15637860082304528,0
65,40,332,5070.0,3190.5,3206.0,255,0.07797001153402537,0.049065743944636676,0.0493041138023837,1.2,1.9940625,0.029086224415735232,30,26,48,0.30196078431372547,0.396078431372549,0.30196078431372547,1
67,39,377,5590.5,3058.25,2678.5,219,0.1165634578094702,0.06376535101436584,0.05584745939409103,1.245377589663622,2.0106837606837606,0.018845555797901908,32,23,40,0.3607305936073059,0.2876712328767123,0.4337899543378995,1
72,36,271,5296.5,3017.5,2979.5,227,0.10278678025965961,0.058559257893613305,0.057821809078383045,1.0217013888888888,2.328317901234568,0.04056998134556991,27,26,34,0.3303964757709251,0.22026431718061673,0.2775330396475771,0
98,45,329,7237.0,3300.0,4522.75,247,0.11862184267894901,0.05409038010785294,0.07413250504023997,0.7535401915868388,1.6296296296296295,0.04178407442651121,28,28,51,0.4979757085020243,0.4898785425101215,0.3117408906882591,0
65,40,569,6863.5,2420.0,2594.0,215,0.14848025959978367,0.0523526230394808,0.05611681990265008,1.6244970414201183,1.5125,0.008012082987141749,33,30,35,0.5162790697674419,0.5488372093023256,0.26046511627906976,0
65,40,621,4164.25,2781.25,2506.75,227,0.08081371654796328,0.05397446098313571,0.04864736362048555,0.985621301775148,1.73828125,0.00650021652262078,26,31,38,0.5154185022026432,0.3392070484581498,0.2599118942731278,0
65,42,367,11165.75,8483.75,12681.0,311,0.11544287176518025,0.0877136299252489,0.1311090662834338,2.6427810650887573,4.8093820861678,0.09415022756127078,79,76,75,0.3215434083601286,0.4212218649517685,0.40192926045016075,1
74,42,532,6082.5,3130.75,4373.25,231,0.11398774385787373,0.05867112685294504,0.08195592286501377,1.1107560262965668,1.7748015873015872,0.015451869806094183,29,21,47,0.23809523809523808,0.09090909090909091,0.329004329004329,0
65,40,468,5763.0,3479.5,3439.5,243,0.09759691103998375,0.05892563802943318,0.05824823451709597,1.3640236686390532,2.1746875,0.01570375849222003,35,35,49,0.35390946502057613,0.3991769547325103,0.3991769547325103,0
90,44,389,5548.0,3585.0,3110.0,215,0.12002163331530558,0.07755543537047052,0.0672796106003245,0.6849382716049383,1.8517561983471074,0.02055233576304677,29,32,44,0.49767441860465117,0.48372093023255813,0.26976744186046514,0
65,42,429,6205.5,3346.0,4071.75,255,0.09543252595155709,0.05145713187235679,0.06261822376009227,1.468757396449704,1.8968253968253967,0.022124146250020377,37,30,54,0.39215686274509803,0.4666666666666667,0.21176470588235294,0
65,42,291,5035.5,3716.0,4138.0,223,0.10125882281968268,0.0747250095517706,0.08321100363972732,1.1918343195266272,2.106575963718821,0.048865743200954166,36,27,47,0.4304932735426009,0.3632286995515695,0.38565022421524664,1
65,42,561,4954.0,3052.5,3303.0,259,0.07385101593595803,0.04550468836183122,0.049238979740910245,1.1725443786982248,1.7304421768707483,0.010495009865881208,39,34,44,0.24324324324324326,0.21235521235521235,0.16988416988416988,0
74,40,501,5869.0,3468.75,3387.25,239,0.10274680065124911,0.06072635282995746,0.05929955708058332,1.0717677136596055,2.16796875,0.013494966155513325,37,27,42,0.3807531380753138,0.2803347280334728,0.1799163179916318,0
98,45,441,5462.5,3526.5,3782.0,215,0.11817198485667929,0.07628988642509464,0.08181719848566793,0.5687734277384423,1.7414814814814814,0.019446629747893112,29,35,43,0.4604651162790698,0.4883720930232558,0.3953488372093023,0
62,42,290,5692.75,2966.75,5382.5,211,0.12786662473888727,0.06663709260798276,0.12089800318950608,1.4809443288241415,1.6818310657596371,0.06400118906064209,35,27,60,0.6303317535545023,0.5260663507109005,0.4786729857819905,1
65,42,453,6081.0,3997.0,2762.25,275,0.0804099173553719,0.05285289256198347,0.03652561983471075,1.4392899408284023,2.265873015873016,0.01346066692981302,35,26,36,0.37454545454545457,0.27636363636363637,0.31272727272727274,1
62,41,613,7554.0,3961.0,4719.5,255,0.11617070357554786,0.060915032679738565,0.07257977700884276,1.9651404786680542,2.356335514574658,0.012559577825738685,40,35,51,0.5411764705882353,0.4235294117647059,0.32941176470588235,1
98,43,306,6057.5,3688.5,3470.0,287,0.07354101664461145,0.044780196433124114,0.042127499423326734,0.6307267805081216,1.994862087614927,0.03705839634328677,31,28,39,0.18466898954703834,0.16376306620209058,0.23693379790940766,0
100,52,284,5964.0,2651.5,3883.5,207,0.13918644542463068,0.06188009055053793,0.09063222012182315,0.5964,0.9805843195266272,0.04814892878397144,28,27,49,0.37681159420289856,0.3961352657004831,0.391304347826087,1
67,42,357,6118.0,3177.0,3149.5,263,0.08845002819182003,0.04593098064161691,0.04553340369240556,1.362887057251058,1.8010204081632653,0.024711845522522733,29,29,41,0.49049429657794674,0.3916349809885932,0.25475285171102663,0
59,44,268,6112.5,4025.5,6278.0,243,0.10351572422903013,0.06817219597283612,0.10631848126132534,1.755960930767021,2.0792871900826446,0.08740810871018044,37,37,56,0.29218106995884774,0.29218106995884774,0.3786008230452675,1
98,44,424,6099.0,3450.0,3048.0,247,0.0999688570538773,0.05654903374911898,0.049959841990525986,0.6350478967097043,1.7820247933884297,0.01695443218227127,39,27,40,0.4493927125506073,0.340080971659919,0.3562753036437247,0
95,52,360,5839.75,4147.0,2292.0,219,0.12176038864911073,0.08646608702904443,0.04778882842309377,0.6470637119113574,1.5336538461538463,0.017685185185185186,34,35,34,0.4429223744292237,0.3835616438356164,0.3424657534246575,1
72,52,331,6278.0,4444.5,6770.25,271,0.0854835854631609,0.06051796680328427,0.09218624474067619,1.211033950617284,1.6436760355029585,0.061794342877483775,42,28,56,0.2656826568265683,0.2029520295202952,0.5202952029520295,0
98,65,416,5869.0,4285.5,4122.0,271,0.07991448918179218,0.058352963603436774,0.05612668672812189,0.6110995418575593,1.014319526627219,0.02381887943786982,33,36,46,0.4612546125461255,0.13284132841328414,0.28044280442804426,0
105,57,710,7131.0,4489.0,5453.0,287,0.08657383238839855,0.054498658475882915,0.06620209059233449,0.6468027210884354,1.381655894121268,0.010817298155127952,43,36,47,0.2961672473867596,0.3170731707317073,0.21254355400696864,0
94,45,655,6821.75,3962.25,2788.25,247,0.11181546984871085,0.06494533593404252,0.045702273435066956,0.7720405160706202,1.9566666666666668,0.0064990385175689065,36,33,38,0.46153846153846156,0.340080971659919,0.23076923076923078,0
62,56,360,6624.25,4001.25,4212.5,243,0.11218225541499433,0.06776152009348169,0.07133905739301258,1.7232700312174818,1.2759088010204083,0.03250385802469136,42,36,19,0.5349794238683128,0.448559670781893,0.07818930041152264,0
96,59,374,8628.75,4421.25,4085.25,307,0.09155269551931586,0.04691031204575115,0.04334528748315632,0.936279296875,1.2701091640333237,0.02920622551402671,45,28,49,0.48534201954397393,0.2768729641693811,0.17263843648208468,0
98,44,504,5415.0,4424.5,3516.0,307,0.05745419049538987,0.046944795170240534,0.037305435601438744,0.5638275718450646,2.2853822314049586,0.0138416477702192,35,33,44,0.3941368078175896,0.3811074918566775,0.3322475570032573,1
65,42,467,6008.0,3110.5,3985.0,259,0.08956336369463783,0.04636931470908305,0.05940579299652659,1.4220118343195267,1.7633219954648527,0.018272356698412116,39,30,50,0.4555984555984556,0.42857142857142855,0.20077220077220076,0
71,45,519,6983.5,4398.5,6612.5,319,0.06862648755417104,0.04322382838218964,0.06498069004825031,1.3853402102757388,2.1720987654320987,0.024548839661272418,33,39,57,0.31347962382445144,0.12225705329153605,0.3667711598746082,0
64,42,255,6963.5,4955.0,4249.0,307,0.07388407304056277,0.05257350210612314,0.04508270644781377,1.7000732421875,2.808956916099773,0.0653440984236832,29,38,49,0.40390879478827363,0.46254071661237783,0.247557003257329,1
72,42,342,5239.0,3404.75,3937.75,239,0.09171758197510547,0.05960592426603176,0.06893699339997549,1.0106095679012346,1.9301303854875282,0.03366634178037687,36,28,52,0.4560669456066946,0.15481171548117154,0.3891213389121339,1
69,41,595,8204.0,5890.0,4496.0,263,0.11860804695745204,0.08515375384926774,0.06500021686015411,1.7231674018063432,3.503866745984533,0.012699668102535132,36,45,57,0.5513307984790875,0.25475285171102663,0.3688212927756654,1
89,54,372,8484.5,4860.0,4354.0,287,0.10300598526144544,0.059002780172152144,0.0528596923599898,1.0711400075748012,1.6666666666666667,0.03146317493351833,43,30,51,0.313588850174216,0.24390243902439024,0.31010452961672474,0
56,36,347,6938.5,3571.5,4919.5,287,0.08423678811203245,0.04335975913268341,0.059725139312119854,2.212531887755102,2.755787037037037,0.04085658048816949,32,35,60,0.23693379790940766,0.46689895470383275,0.3693379790940767,0
99,59,483,5553.0,3668.75,5184.5,227,0.10776455976246385,0.0711977721283161,0.10061324690950726,0.566574839302112,1.0539356506750934,0.022223508180840075,26,38,55,0.28193832599118945,0.3832599118942731,0.5726872246696035,1
111,49,452,6676.0,3956.5,3071.75,263,0.09651722592490855,0.05720047998380778,0.04440934522690801,0.541839136433731,1.6478550603915036,0.015035192654084109,34,38,40,0.5133079847908745,0.5209125475285171,0.29277566539923955,0
96,57,354,8194.0,4410.0,6015.5,279,0.10526586246322632,0.0566539484333449,0.07727932580516694,0.8891059027777778,1.3573407202216066,0.04800264930256312,33,29,55,0.35125448028673834,0.3225806451612903,0.4731182795698925,0
97,45,533,6224.25,4135.5,3554.0,299,0.06962170445520743,0.046257871835885506,0.03975347031912395,0.6615208842597513,2.042222222222222,0.01251016406830254,36,30,18,0.4280936454849498,0.39464882943143814,0.10367892976588629,0
52,43,299,6874.5,5066.0,4907.5,199,0.17359410115906165,0.12792606247316987,0.12392363829196232,2.542344674556213,2.7398593834505136,0.05489312200087247,37,47,57,0.6733668341708543,0.5226130653266332,0.6180904522613065,0
52,39,345,7518.0,4432.25,3596.75,271,0.10236788714750616,0.06035116624228973,0.04897468716384581,2.780325443786982,2.914036817882972,0.030218441503885737,43,36,48,0.5756457564575646,0.3948339483394834,0.2878228782287823,0
93,37,342,7269.25,3496.25,5697.5,303,0.07917796730168067,0.03808177847487719,0.06205818601662146,0.8404728870389641,2.553871439006574,0.04871156937177251,45,32,55,0.4389438943894389,0.2739273927392739,0.43234323432343236,0
52,36,506,5888.0,3923.0,3429.0,247,0.09651035093182973,0.06430198823124457,0.056204822239341735,2.1775147928994083,3.0270061728395063,0.013392647908887813,40,37,46,0.3562753036437247,0.3481781376518219,0.20242914979757085,0
59,36,472,6161.75,4848.0,4532.5,247,0.10099739382714026,0.0794636856857185,0.07429231752692225,1.7701091640333237,3.740740740740741,0.02034481829933927,41,38,47,0.41295546558704455,0.5708502024291497,0.3441295546558704,0
87,42,564,6975.5,4879.25,3767.75,247,0.11433558983100854,0.07997590519431559,0.061757281712534216,0.9215880565464394,2.766014739229025,0.011844694683366028,38,36,46,0.4979757085020243,0.5668016194331984,0.32793522267206476,0
51,36,372,7554.0,4331.0,4921.5,271,0.10285807655124522,0.05897250854427363,0.06701297640282676,2.9042675893886964,3.341820987654321,0.03556408255289629,36,31,56,0.5645756457564576,0.4870848708487085,0.4354243542435424,0
53,36,454,6256.25,3709.75,4065.0,255,0.09621299500192233,0.05705113417916186,0.06251441753171857,2.2272160911356353,2.862461419753086,0.019721904170467115,37,39,47,0.4470588235294118,0.5450980392156862,0.19215686274509805,0
59,36,553,6972.75,4055.5,3607.5,255,0.1072318339100346,0.0623683198769704,0.055478662053056516,2.003088193047975,3.1292438271604937,0.01179657891036562,34,36,51,0.3803921568627451,0.40784313725490196,0.2823529411764706,0
89,36,301,10147.5,5308.5,4397.0,311,0.10491516837088119,0.05488466827266054,0.045460654873295356,1.2810882464335311,4.096064814814815,0.048531473162547877,56,36,51,0.42765273311897106,0.21543408360128619,0.26366559485530544,0
87,42,561,8617.0,4793.5,3226.0,231,0.16148497966679784,0.08983152489645996,0.0604561383782163,1.1384595058792444,2.7174036281179137,0.010250348721566086,37,47,46,0.6103896103896104,0.6883116883116883,0.22510822510822512,0
51,36,483,7515.75,4602.0,4784.0,239,0.13157595280194676,0.08056581642478249,0.08375203515344619,2.8895617070357553,3.550925925925926,0.020506753426008086,33,26,58,0.401673640167364,0.1799163179916318,0.39748953974895396,0
51,36,514,7598.75,4842.0,4460.5,331,0.06935634030357518,0.04419455828260056,0.0407124798057703,2.9214725105728565,3.736111111111111,0.01688329876303956,41,39,47,0.3716012084592145,0.3716012084592145,0.256797583081571,0
51,36,410,7053.0,3624.5,4145.5,239,0.12347472908387458,0.06345302078044852,0.07257400955865619,2.7116493656286043,2.796682098765432,0.024660916121356336,45,32,53,0.5983263598326359,0.4476987447698745,0.34309623430962344,0
91,36,372,6941.5,3578.5,4801.0,267,0.09737126344877892,0.05019708510429379,0.06734559328928727,0.8382441734090086,2.7611882716049383,0.034693317146490925,33,25,59,0.5168539325842697,0.09363295880149813,0.42696629213483145,0
53,36,457,8043.5,3924.75,5090.75,223,0.16174666693478654,0.07892276136660702,0.10236984455750166,2.8634745461018154,3.0283564814814814,0.024375266340753366,45,33,53,0.6502242152466368,0.5515695067264574,0.5246636771300448,0
87,42,343,5825.0,3292.75,3230.0,223,0.11713487100082447,0.06621387922540167,0.06495204005710953,0.76958647113225,1.8666383219954648,0.0274545469999745,40,25,44,0.5112107623318386,0.21076233183856502,0.21973094170403587,0
51,36,277,7331.5,4247.5,3877.5,231,0.13739435168006597,0.0795993328460861,0.07266542980828695,2.818723567858516,3.277391975308642,0.05053499980450677,34,39,51,0.37662337662337664,0.4805194805194805,0.22077922077922077,0
51,36,407,7840.0,5010.0,3934.5,221,0.16052087385598166,0.102577752298274,0.08055731864621936,3.014225297962322,3.865740740740741,0.023752029894536036,51,40,52,0.5565610859728507,0.6968325791855203,0.23529411764705882,0
59,36,372,6620.5,4915.0,3720.5,243,0.11211874883571271,0.08323595657843486,0.06300699419126488,1.9018960068945705,3.7924382716049383,0.02688533356457394,41,38,43,0.37448559670781895,0.4444444444444444,0.29218106995884774,0
89,36,327,4880.5,3181.5,4246.0,219,0.1017597631408853,0.06633514730718709,0.08853026417297387,0.6161469511425325,2.454861111111111,0.03970859168233127,28,36,53,0.2557077625570776,0.4018264840182648,0.4474885844748858,0
87,42,414,7102.0,4056.5,3398.5,243,0.12027299361547189,0.06869718369489745,0.05755389591695033,0.9383009644602985,2.2996031746031744,0.019828350719970127,45,35,51,0.41975308641975306,0.5596707818930041,0.38271604938271603,0
51,36,443,7961.25,4974.75,3037.25,263,0.11509852679668638,0.07192167011233357,0.04391056687244286,3.0608419838523644,3.8385416666666665,0.015476511982226661,21,44,47,0.07984790874524715,0.5703422053231939,0.34220532319391633,0
53,36,349,6475.0,4744.0,4753.5,255,0.09957708573625529,0.07295655517108804,0.07310265282583622,2.3050907796368816,3.6604938271604937,0.03902677317920214,42,40,57,0.5254901960784314,0.47843137254901963,0.35294117647058826,0
51,36,592,7465.75,4139.5,4556.25,271,0.10165643169346823,0.05636497324382838,0.062039596410724256,2.870338331410996,3.1940586419753085,0.013000622032505479,37,43,55,0.2656826568265683,0.4354243542435424,0.24354243542435425,0
91,36,268,8700.0,4494.5,5495.0,191,0.2384803048162057,0.123201118390395,0.15062635344425865,1.050597753894457,3.4679783950617282,0.07650646023613276,46,44,58,0.6649214659685864,0.6649214659685864,0.41361256544502617,0
51,36,222,9906.5,4951.5,4548.0,259,0.147679670845694,0.07381374755892131,0.06779863150519522,3.8087274125336408,3.8206018518518516,0.09228147065984904,38,41,59,0.444015444015444,0.3088803088803089,0.4555984555984556,0
96,45,425,9850.0,5618.5,5314.75,255,0.1514801999231065,0.08640522875816993,0.08173394848135332,1.0687934027777777,2.774567901234568,0.029424221453287196,43,46,55,0.6274509803921569,0.6392156862745098,0.2823529411764706,0
51,45,446,6228.5,4273.25,3835.0,247,0.10209149469750364,0.07004294448360078,0.06285957809503516,2.394655901576317,2.110246913580247,0.019279494862152868,43,32,49,0.6032388663967612,0.3360323886639676,0.19838056680161945,0
51,36,313,7125.0,2975.0,5331.5,231,0.13352448417383483,0.05575232847960121,0.09991379471898952,2.739331026528258,2.2955246913580245,0.054420275801529056,47,38,64,0.6363636363636364,0.6277056277056277,0.2857142857142857,0
51,36,161,7200.0,3945.5,4382.5,223,0.14478473325423796,0.07934002292424944,0.08812765187315248,2.7681660899653977,3.044367283950617,0.1690714092820493,42,28,53,0.39461883408071746,0.336322869955157,0.4125560538116592,0
95,36,351,7264.5,4047.0,4804.5,247,0.11907259584651445,0.06633447524135783,0.07875067612975135,0.8049307479224377,3.122685185185185,0.0389972483989578,35,26,54,0.5344129554655871,0.20647773279352227,0.3724696356275304,0
87,42,179,7783.5,3261.5,4232.5,223,0.15651832934505017,0.06558547326509682,0.0851113032636892,1.0283392786365437,1.848922902494331,0.13209637651758685,36,30,53,0.5381165919282511,0.4484304932735426,0.5291479820627802,0
51,36,462,7028.5,3562.0,2404.5,223,0.14133604134408495,0.07162822497938828,0.04835206820969656,2.702229911572472,2.748456790123457,0.011265249901613539,47,29,38,0.4798206278026906,0.5201793721973094,0.28699551569506726,0
51,36,473,7447.75,3529.5,3670.75,227,0.1445351161481884,0.06849541035145258,0.07123658522385452,2.863417916186082,2.7233796296296298,0.016407126478909753,33,32,49,0.5418502202643172,0.5022026431718062,0.3568281938325991,0
51,36,196,6508.0,3739.5,4309.5,227,0.1262978128820664,0.07257078538298822,0.0836325176114421,2.5021145713187236,2.8854166666666665,0.11217982090795502,36,35,59,0.6519823788546255,0.5726872246696035,0.3039647577092511,0
61,36,275,6160.0,3421.25,4287.5,247,0.10096870953465882,0.056077791801209656,0.07027651657952105,1.6554689599570007,2.6398533950617282,0.05669421487603306,36,30,45,0.3360323886639676,0.4979757085020243,0.30364372469635625,0
87,42,575,7488.25,3749.25,4102.75,267,0.1050407496247668,0.052592265286369566,0.05755095456522044,0.9893314836834456,2.125425170068027,0.012409073724007562,34,26,53,0.29213483146067415,0.2846441947565543,0.2397003745318352,0
51,36,520,6362.0,3205.0,4321.5,207,0.1484748768932764,0.07479754486685804,0.10085416229083526,2.445982314494425,2.4729938271604937,0.01598187869822485,30,31,51,0.3671497584541063,0.36231884057971014,0.4927536231884058,0
53,36,274,6163.0,4040.5,2409.5,227,0.11960255390168643,0.07841215626152263,0.046760076849929166,2.1940192239231044,3.1176697530864197,0.03209414460013853,41,36,1,0.4669603524229075,0.2643171806167401,0.013215859030837005,0
51,36,368,7214.75,2963.0,2047.0,207,0.16837615813671264,0.06914980512964129,0.04777241009125067,2.773836985774702,2.2862654320987654,0.015115489130434782,30,34,36,0.357487922705314,0.391304347826087,0.17391304347826086,0
51,36,286,6569.0,3519.0,4333.0,311,0.06791699837677444,0.03638299852152066,0.044798957827152326,2.5255670895809303,2.7152777777777777,0.052973250525698075,31,31,50,0.4437299035369775,0.18971061093247588,0.26366559485530544,0
91,36,578,7366.25,3006.0,2782.75,271,0.10030160264702279,0.04093081521221116,0.03789096009041271,0.8895362878879363,2.3194444444444446,0.008329491984051914,35,33,40,0.3025830258302583,0.3763837638376384,0.18081180811808117,0
87,42,490,7735.0,5789.0,1640.0,259,0.11530835855160179,0.08629865386622143,0.024448055336086225,1.0219315629541552,3.2817460317460316,0.0068304872969596,39,40,20,0.44015444015444016,0.44015444015444016,0.11583011583011583,0
51,36,357,6536.75,4560.25,3408.75,243,0.11070043523175668,0.07722823417839421,0.05772748056698674,2.5131680123029603,3.518711419753086,0.02674599251465292,33,37,46,0.5720164609053497,0.2716049382716049,0.24279835390946503,0
51,36,186,6758.25,3489.25,4592.75,251,0.10727210679195569,0.05538404152315043,0.07289963651370614,2.5983275663206458,2.6923225308641974,0.1327537865649208,34,20,58,0.3745019920318725,0.15139442231075698,0.33067729083665337,0
51,36,388,5247.25,4361.5,3871.0,211,0.11786011095887335,0.09796500527840794,0.08694773253071585,2.0173971549404075,3.365354938271605,0.02571341268997768,31,40,53,0.5545023696682464,0.6492890995260664,0.3080568720379147,0
61,36,332,5421.5,2809.75,4316.0,231,0.10160041978223797,0.052655497460692265,0.08088304192200296,1.4570008062348832,2.168016975308642,0.0391566265060241,28,31,52,0.22510822510822512,0.41125541125541126,0.33766233766233766,0
87,42,205,6486.0,2702.5,4296.75,255,0.09974625144175317,0.041560938100730485,0.06607843137254903,0.8569163694015062,1.53202947845805,0.10224271267102915,37,27,49,0.396078431372549,0.2823529411764706,0.19215686274509805,0
51,36,258,4980.0,3507.0,5593.5,251,0.07904636434342312,0.05566578308280821,0.08878430501103157,1.9146482122260668,2.7060185185185186,0.08403190914007572,40,33,66,0.27091633466135456,0.4860557768924303,0.398406374501992,0
51,36,355,5153.5,3875.0,4048.25,207,0.12027118485845643,0.09043384909799529,0.09447711731895726,1.981353325643983,2.989969135802469,0.03212259472326919,37,39,51,0.4057971014492754,0.6328502415458938,0.30434782608695654,0
57,36,241,8979.5,4345.5,5397.0,223,0.18056868225783748,0.08738361921615154,0.10852822296848921,2.7637734687596183,3.353009259259259,0.09292195382310911,50,36,61,0.6367713004484304,0.3542600896860987,0.273542600896861,0
