retriever,doc_id,update_index,corpus_size_at_update,update_latency_s
Classic,100000,1,5001,0.8085357080017275
Classic,100001,2,5002,0.7545574169998872
Classic,100002,3,5003,0.7921509580010024
Classic,100003,4,5004,0.7782838749990333
Classic,100004,5,5005,0.8182179579998774
Classic,100005,6,5006,0.7726810830008617
Classic,100006,7,5007,0.7878848750006
Classic,100007,8,5008,0.7957428749996325
Classic,100008,9,5009,0.729831667000326
Classic,100009,10,5010,0.7229066250001779
Classic,100010,11,5011,0.7780215000002499
Classic,100011,12,5012,0.7556883329998527
Classic,100012,13,5013,0.7560719160010194
Classic,100013,14,5014,0.7325315409998439
Classic,100014,15,5015,0.7478579159997025
Classic,100015,16,5016,0.7221199169998727
Classic,100016,17,5017,0.767438458999095
Classic,100017,18,5018,0.7804009999999835
Classic,100018,19,5019,0.7388349160009966
Classic,100019,20,5020,0.7446907089997694
Classic,100020,21,5021,0.7427776659988012
Classic,100021,22,5022,0.7550175830001535
Classic,100022,23,5023,0.7441003750009259
Classic,100023,24,5024,0.7468615830002818
Classic,100024,25,5025,0.7519343330004631
Classic,100025,26,5026,0.7535489169986249
Classic,100026,27,5027,0.7311249169997609
Classic,100027,28,5028,0.7313450840010773
Classic,100028,29,5029,0.739272416998574
Classic,100029,30,5030,0.7438698750011099
Classic,100030,31,5031,0.7256957500012504
Classic,100031,32,5032,0.7437525419991289
Classic,100032,33,5033,0.7593963750005059
Classic,100033,34,5034,0.7397199580009328
Classic,100034,35,5035,0.751142915998571
Classic,100035,36,5036,0.7432464579997031
Classic,100036,37,5037,0.7311904999987746
Classic,100037,38,5038,0.783767707998777
Classic,100038,39,5039,0.7449567909989128
Classic,100039,40,5040,0.7289236670003447
Classic,100040,41,5041,0.7407679579991964
Classic,100041,42,5042,0.7470275420000689
Classic,100042,43,5043,0.7339257919993543
Classic,100043,44,5044,0.7385420829996292
Classic,100044,45,5045,0.746339250001256
Classic,100045,46,5046,0.742899374999979
Classic,100046,47,5047,0.737813208001171
Classic,100047,48,5048,0.7331538340004045
Classic,100048,49,5049,0.7422544579985697
Classic,100049,50,5050,0.768229417000839
Classic,100050,51,5051,0.7452260840000235
Classic,100051,52,5052,0.7420342500008701
Classic,100052,53,5053,0.735244583000167
Classic,100053,54,5054,0.7708132499992644
Classic,100054,55,5055,0.7663890000003448
Classic,100055,56,5056,0.7382374579992756
Classic,100056,57,5057,0.7603767500004324
Classic,100057,58,5058,0.756001625000863
Classic,100058,59,5059,0.7731190829999832
Classic,100059,60,5060,0.7422319589986728
Classic,100060,61,5061,0.7645412910005689
Classic,100061,62,5062,0.7781465829993977
Classic,100062,63,5063,0.7697392499994749
Classic,100063,64,5064,0.779185667001002
Classic,100064,65,5065,0.7726705410004797
Classic,100065,66,5066,0.8545873749990278
Classic,100066,67,5067,0.9078438749984343
Classic,100067,68,5068,0.7733447080008773
Classic,100068,69,5069,0.7496999579998374
Classic,100069,70,5070,0.7460112499993556
Classic,100070,71,5071,0.7793466250004712
Classic,100071,72,5072,0.9696883750002598
Classic,100072,73,5073,0.8007828749996406
Classic,100073,74,5074,0.8879847909993259
Classic,100074,75,5075,0.8278757910011336
Classic,100075,76,5076,0.8057681249993038
Classic,100076,77,5077,0.9597623749996274
Classic,100077,78,5078,0.8237468330007687
Classic,100078,79,5079,0.8530962499989982
Classic,100079,80,5080,0.7695989170006214
Classic,100080,81,5081,0.7810993339990091
Classic,100081,82,5082,0.8122729999995499
Classic,100082,83,5083,0.7626967920004972
Classic,100083,84,5084,0.8065022499995393
Classic,100084,85,5085,0.761297499999273
Classic,100085,86,5086,0.7735589160001837
Classic,100086,87,5087,0.8379675420001149
Classic,100087,88,5088,0.7592634590000671
Classic,100088,89,5089,0.768100625000443
Classic,100089,90,5090,0.7687671660005435
Classic,100090,91,5091,0.7568521659995895
Classic,100091,92,5092,0.8148722080004518
Classic,100092,93,5093,0.7761965420013439
Classic,100093,94,5094,0.7716187499991065
Classic,100094,95,5095,0.7623316669996711
Classic,100095,96,5096,0.7567850409996026
Classic,100096,97,5097,0.7577398329995049
Classic,100097,98,5098,0.7585912920003466
Classic,100098,99,5099,0.7994897499993385
Classic,100099,100,5100,0.7491599999993923
BM25,100000,1,5001,0.027942583001276944
BM25,100001,2,5002,0.022049499999411637
BM25,100002,3,5003,0.02261170800011314
BM25,100003,4,5004,0.022871707999001956
BM25,100004,5,5005,0.022211833998881048
BM25,100005,6,5006,0.021712416000809753
BM25,100006,7,5007,0.02147049999985029
BM25,100007,8,5008,0.021498125001016888
BM25,100008,9,5009,0.02141716700134566
BM25,100009,10,5010,0.021985416999086738
BM25,100010,11,5011,0.02181120800014469
BM25,100011,12,5012,0.02172620800047298
BM25,100012,13,5013,0.02165983399936522
BM25,100013,14,5014,0.02128745899972273
BM25,100014,15,5015,0.022159041998747853
BM25,100015,16,5016,0.022050499999750173
BM25,100016,17,5017,0.021593292000034126
BM25,100017,18,5018,0.021709958000428742
BM25,100018,19,5019,0.02140391600005387
BM25,100019,20,5020,0.022299291998933768
BM25,100020,21,5021,0.021595750000415137
BM25,100021,22,5022,0.02166154199949233
BM25,100022,23,5023,0.021692583000913146
BM25,100023,24,5024,0.021251457999824197
BM25,100024,25,5025,0.02149904200086894
BM25,100025,26,5026,0.021691416999601643
BM25,100026,27,5027,0.02205833299922233
BM25,100027,28,5028,0.021966416999930516
BM25,100028,29,5029,0.021698874999856343
BM25,100029,30,5030,0.021660500000507454
BM25,100030,31,5031,0.021633583999573602
BM25,100031,32,5032,0.02156637500047509
BM25,100032,33,5033,0.021613750001051812
BM25,100033,34,5034,0.021736749999035965
BM25,100034,35,5035,0.021844791999683366
BM25,100035,36,5036,0.02165229199999885
BM25,100036,37,5037,0.021667000000888947
BM25,100037,38,5038,0.021567707999565755
BM25,100038,39,5039,0.021883792000153335
BM25,100039,40,5040,0.021646875000442378
BM25,100040,41,5041,0.02149825000014971
BM25,100041,42,5042,0.021606374999464606
BM25,100042,43,5043,0.021629124999890337
BM25,100043,44,5044,0.021645082999384613
BM25,100044,45,5045,0.022426458999689203
BM25,100045,46,5046,0.022025250000297092
BM25,100046,47,5047,0.021455332998812082
BM25,100047,48,5048,0.02164916599940625
BM25,100048,49,5049,0.02162154100005864
BM25,100049,50,5050,0.02176283299922943
BM25,100050,51,5051,0.022259125000346103
BM25,100051,52,5052,0.021991916000843048
BM25,100052,53,5053,0.02171875000021828
BM25,100053,54,5054,0.02155300000049465
BM25,100054,55,5055,0.02165887500086683
BM25,100055,56,5056,0.02181387499877019
BM25,100056,57,5057,0.021807999999509775
BM25,100057,58,5058,0.02193791600075201
BM25,100058,59,5059,0.02292483299970627
BM25,100059,60,5060,0.022219958000277984
BM25,100060,61,5061,0.022264040999289136
BM25,100061,62,5062,0.02200716600054875
BM25,100062,63,5063,0.021864000000277883
BM25,100063,64,5064,0.021749540999735473
BM25,100064,65,5065,0.02174666700011585
BM25,100065,66,5066,0.021873666999454144
BM25,100066,67,5067,0.02161037500081875
BM25,100067,68,5068,0.021975625000777654
BM25,100068,69,5069,0.0217924580010731
BM25,100069,70,5070,0.02214458299931721
BM25,100070,71,5071,0.022251165999477962
BM25,100071,72,5072,0.022011791001204983
BM25,100072,73,5073,0.022257666001678444
BM25,100073,74,5074,0.022093499999755295
BM25,100074,75,5075,0.022311291999358218
BM25,100075,76,5076,0.022376042001269525
BM25,100076,77,5077,0.02193829200041364
BM25,100077,78,5078,0.021865416998480214
BM25,100078,79,5079,0.02195324999956938
BM25,100079,80,5080,0.021871167000426794
BM25,100080,81,5081,0.022122040998510784
BM25,100081,82,5082,0.02174787500007369
BM25,100082,83,5083,0.021870665999813355
BM25,100083,84,5084,0.02177904099880834
BM25,100084,85,5085,0.021874833000765648
BM25,100085,86,5086,0.022494958000606857
BM25,100086,87,5087,0.022490000001198496
BM25,100087,88,5088,0.022378790999937337
BM25,100088,89,5089,0.02218666700173344
BM25,100089,90,5090,0.021959207999316277
BM25,100090,91,5091,0.021897458000239567
BM25,100091,92,5092,0.02194904200041492
BM25,100092,93,5093,0.021619749999445048
BM25,100093,94,5094,0.021860584000023664
BM25,100094,95,5095,0.02171312499922351
BM25,100095,96,5096,0.02240950000123121
BM25,100096,97,5097,0.021824542000103975
BM25,100097,98,5098,0.022512958999868715
BM25,100098,99,5099,0.022426374998758547
BM25,100099,100,5100,0.02215749999959371
MinHashDBSCAN,100000,1,5001,0.13949341700026707
MinHashDBSCAN,100001,2,5002,0.1442832080010703
MinHashDBSCAN,100002,3,5003,0.13274987499971758
MinHashDBSCAN,100003,4,5004,0.12930820799920184
MinHashDBSCAN,100004,5,5005,0.13241083399952913
MinHashDBSCAN,100005,6,5006,0.12890354199953435
MinHashDBSCAN,100006,7,5007,0.13849674999983108
MinHashDBSCAN,100007,8,5008,0.13028541700077767
MinHashDBSCAN,100008,9,5009,0.13056116599909728
MinHashDBSCAN,100009,10,5010,0.13050633400052902
MinHashDBSCAN,100010,11,5011,0.12521208300131548
MinHashDBSCAN,100011,12,5012,0.14054195899916522
MinHashDBSCAN,100012,13,5013,0.14196416699996917
MinHashDBSCAN,100013,14,5014,0.13039874999958556
MinHashDBSCAN,100014,15,5015,0.14138495800034434
MinHashDBSCAN,100015,16,5016,0.14308408299984876
MinHashDBSCAN,100016,17,5017,0.13502187500125729
MinHashDBSCAN,100017,18,5018,0.12743475000024773
MinHashDBSCAN,100018,19,5019,0.13992066599894315
MinHashDBSCAN,100019,20,5020,0.1307042080006795
MinHashDBSCAN,100020,21,5021,0.1392904999993334
MinHashDBSCAN,100021,22,5022,0.13582412499999919
MinHashDBSCAN,100022,23,5023,0.13319425000008778
MinHashDBSCAN,100023,24,5024,0.13008429200090177
MinHashDBSCAN,100024,25,5025,0.13995241700104089
MinHashDBSCAN,100025,26,5026,0.14262699999926554
MinHashDBSCAN,100026,27,5027,0.1400286669995694
MinHashDBSCAN,100027,28,5028,0.14202758300052665
MinHashDBSCAN,100028,29,5029,0.135680916999263
MinHashDBSCAN,100029,30,5030,0.13051116699898557
MinHashDBSCAN,100030,31,5031,0.13831437500084576
MinHashDBSCAN,100031,32,5032,0.13958433300103934
MinHashDBSCAN,100032,33,5033,0.1378492499989079
MinHashDBSCAN,100033,34,5034,0.13622883400057617
MinHashDBSCAN,100034,35,5035,0.12947258300118847
MinHashDBSCAN,100035,36,5036,0.1269310419993417
MinHashDBSCAN,100036,37,5037,0.1469621249998454
MinHashDBSCAN,100037,38,5038,0.14428754199980176
MinHashDBSCAN,100038,39,5039,0.14189687500038417
MinHashDBSCAN,100039,40,5040,0.24749637499917299
MinHashDBSCAN,100040,41,5041,0.20451020800101105
MinHashDBSCAN,100041,42,5042,0.17474025000046822
MinHashDBSCAN,100042,43,5043,0.20439245799934724
MinHashDBSCAN,100043,44,5044,0.16083595900090586
MinHashDBSCAN,100044,45,5045,0.141015334000258
MinHashDBSCAN,100045,46,5046,0.14936716600095679
MinHashDBSCAN,100046,47,5047,0.15040116700038197
MinHashDBSCAN,100047,48,5048,0.14085650000015448
MinHashDBSCAN,100048,49,5049,0.13491366699963692
MinHashDBSCAN,100049,50,5050,0.1479626250002184
MinHashDBSCAN,100050,51,5051,0.1693640410012449
MinHashDBSCAN,100051,52,5052,0.14859375000014552
MinHashDBSCAN,100052,53,5053,0.1440842080010043
MinHashDBSCAN,100053,54,5054,0.13805029199829733
MinHashDBSCAN,100054,55,5055,0.14332533300148498
MinHashDBSCAN,100055,56,5056,0.14351874999920256
MinHashDBSCAN,100056,57,5057,0.14713204200052132
MinHashDBSCAN,100057,58,5058,0.14350512499913748
MinHashDBSCAN,100058,59,5059,0.14657920799982094
MinHashDBSCAN,100059,60,5060,0.14237095799944655
MinHashDBSCAN,100060,61,5061,0.14782587499939837
MinHashDBSCAN,100061,62,5062,0.1525396670003829
MinHashDBSCAN,100062,63,5063,0.143947083999592
MinHashDBSCAN,100063,64,5064,0.1486827919998177
MinHashDBSCAN,100064,65,5065,0.1465591249998397
MinHashDBSCAN,100065,66,5066,0.14440229199863097
MinHashDBSCAN,100066,67,5067,0.15681629199934832
MinHashDBSCAN,100067,68,5068,0.1461334169998736
MinHashDBSCAN,100068,69,5069,0.15175533299952804
MinHashDBSCAN,100069,70,5070,0.16248266600086936
MinHashDBSCAN,100070,71,5071,0.158251000000746
MinHashDBSCAN,100071,72,5072,0.14265341600003012
MinHashDBSCAN,100072,73,5073,0.14024783300010313
MinHashDBSCAN,100073,74,5074,0.1548282499989
MinHashDBSCAN,100074,75,5075,0.13845999999830383
MinHashDBSCAN,100075,76,5076,0.16011912500107428
MinHashDBSCAN,100076,77,5077,0.13814683300006436
MinHashDBSCAN,100077,78,5078,0.1389582080009859
MinHashDBSCAN,100078,79,5079,0.1472402500003227
MinHashDBSCAN,100079,80,5080,0.15341441700002179
MinHashDBSCAN,100080,81,5081,0.15652191700064577
MinHashDBSCAN,100081,82,5082,0.14036179199865728
MinHashDBSCAN,100082,83,5083,0.1637532499989902
MinHashDBSCAN,100083,84,5084,0.15695699999923818
MinHashDBSCAN,100084,85,5085,0.16469620799944096
MinHashDBSCAN,100085,86,5086,0.15100929199979873
MinHashDBSCAN,100086,87,5087,0.16596016599942232
MinHashDBSCAN,100087,88,5088,0.15575779199934914
MinHashDBSCAN,100088,89,5089,0.15631783299977542
MinHashDBSCAN,100089,90,5090,0.14071145799971418
MinHashDBSCAN,100090,91,5091,0.1420953750002809
MinHashDBSCAN,100091,92,5092,0.15445666699997673
MinHashDBSCAN,100092,93,5093,0.15062470799966832
MinHashDBSCAN,100093,94,5094,0.14891220800018345
MinHashDBSCAN,100094,95,5095,0.15284849999989092
MinHashDBSCAN,100095,96,5096,0.15371883299849287
MinHashDBSCAN,100096,97,5097,0.15493758299999172
MinHashDBSCAN,100097,98,5098,0.15255224999964412
MinHashDBSCAN,100098,99,5099,0.17548579200047243
MinHashDBSCAN,100099,100,5100,0.1512044169994624
MinHashLSH,100000,1,5001,0.00296041699948546
MinHashLSH,100001,2,5002,0.0012467079995985841
MinHashLSH,100002,3,5003,0.0012767919997713761
MinHashLSH,100003,4,5004,0.001071583001248655
MinHashLSH,100004,5,5005,0.0007662500011065276
MinHashLSH,100005,6,5006,0.0011123339991172543
MinHashLSH,100006,7,5007,0.0008772919991315575
MinHashLSH,100007,8,5008,0.0007923339999251766
MinHashLSH,100008,9,5009,0.0008884580001904396
MinHashLSH,100009,10,5010,0.0009509580013400409
MinHashLSH,100010,11,5011,0.0014772079994145315
MinHashLSH,100011,12,5012,0.0008670000006532064
MinHashLSH,100012,13,5013,0.0006855829997221008
MinHashLSH,100013,14,5014,0.0007671249986742623
MinHashLSH,100014,15,5015,0.0011210000011487864
MinHashLSH,100015,16,5016,0.0008442090002063196
MinHashLSH,100016,17,5017,0.0008319999997183913
MinHashLSH,100017,18,5018,0.001708708001388004
MinHashLSH,100018,19,5019,0.0008290839996334398
MinHashLSH,100019,20,5020,0.0007461660006811144
MinHashLSH,100020,21,5021,0.0009504999998171115
MinHashLSH,100021,22,5022,0.000842499999635038
MinHashLSH,100022,23,5023,0.0025604999991628574
MinHashLSH,100023,24,5024,0.0018790829999488778
MinHashLSH,100024,25,5025,0.0007529159993282519
MinHashLSH,100025,26,5026,0.0011188749995199032
MinHashLSH,100026,27,5027,0.0008415410011366475
MinHashLSH,100027,28,5028,0.0007894170012150425
MinHashLSH,100028,29,5029,0.0015289999992091907
MinHashLSH,100029,30,5030,0.0007614580008521443
MinHashLSH,100030,31,5031,0.0007972090006660437
MinHashLSH,100031,32,5032,0.0014626659994974034
MinHashLSH,100032,33,5033,0.0014065830000618007
MinHashLSH,100033,34,5034,0.000752207999539678
MinHashLSH,100034,35,5035,0.0010043749989563366
MinHashLSH,100035,36,5036,0.0008273749990621582
MinHashLSH,100036,37,5037,0.0009112090010603424
MinHashLSH,100037,38,5038,0.0012954590001754696
MinHashLSH,100038,39,5039,0.0008329590000357712
MinHashLSH,100039,40,5040,0.0008122500003082678
MinHashLSH,100040,41,5041,0.0007961669998621801
MinHashLSH,100041,42,5042,0.0008125830008793855
MinHashLSH,100042,43,5043,0.0008719590005057398
MinHashLSH,100043,44,5044,0.0011533750002854504
MinHashLSH,100044,45,5045,0.0008635409994894871
MinHashLSH,100045,46,5046,0.0008365000012418022
MinHashLSH,100046,47,5047,0.0010269579997839173
MinHashLSH,100047,48,5048,0.0008248750000348082
MinHashLSH,100048,49,5049,0.000879541999893263
MinHashLSH,100049,50,5050,0.001209916999869165
MinHashLSH,100050,51,5051,0.0018144160003430443
MinHashLSH,100051,52,5052,0.0010098750008182833
MinHashLSH,100052,53,5053,0.001023749999149004
MinHashLSH,100053,54,5054,0.0008482079992973013
MinHashLSH,100054,55,5055,0.0010397499991086079
MinHashLSH,100055,56,5056,0.0009593330014467938
MinHashLSH,100056,57,5057,0.0008070839994616108
MinHashLSH,100057,58,5058,0.0010365840007580118
MinHashLSH,100058,59,5059,0.0009344999998575076
MinHashLSH,100059,60,5060,0.0009856670003500767
MinHashLSH,100060,61,5061,0.0007824170006642817
MinHashLSH,100061,62,5062,0.0007292499994946411
MinHashLSH,100062,63,5063,0.0007209999985207105
MinHashLSH,100063,64,5064,0.0007850419988244539
MinHashLSH,100064,65,5065,0.0008502500004397007
MinHashLSH,100065,66,5066,0.0007874169987189816
MinHashLSH,100066,67,5067,0.0008690840004419442
MinHashLSH,100067,68,5068,0.0008785419995547272
MinHashLSH,100068,69,5069,0.0016716669997549616
MinHashLSH,100069,70,5070,0.00094350000108534
MinHashLSH,100070,71,5071,0.0010246250003547175
MinHashLSH,100071,72,5072,0.0010082919998239959
MinHashLSH,100072,73,5073,0.000983709000138333
MinHashLSH,100073,74,5074,0.0011792500008596107
MinHashLSH,100074,75,5075,0.0009396659988851752
MinHashLSH,100075,76,5076,0.0010687499998311978
MinHashLSH,100076,77,5077,0.0009209170002577594
MinHashLSH,100077,78,5078,0.0009941660009644693
MinHashLSH,100078,79,5079,0.0007816250017640414
MinHashLSH,100079,80,5080,0.0007572920003440231
MinHashLSH,100080,81,5081,0.0007530410002800636
MinHashLSH,100081,82,5082,0.0008881670000846498
MinHashLSH,100082,83,5083,0.0007568749988422496
MinHashLSH,100083,84,5084,0.0007938750004541362
MinHashLSH,100084,85,5085,0.0008379589999094605
MinHashLSH,100085,86,5086,0.0007655419994989643
MinHashLSH,100086,87,5087,0.0007806249996065162
MinHashLSH,100087,88,5088,0.0008715000003576279
MinHashLSH,100088,89,5089,0.0008752089997869916
MinHashLSH,100089,90,5090,0.0012799169999198057
MinHashLSH,100090,91,5091,0.0008364589994016569
MinHashLSH,100091,92,5092,0.0007515000015700934
MinHashLSH,100092,93,5093,0.0007905829988885671
MinHashLSH,100093,94,5094,0.0008020409986784216
MinHashLSH,100094,95,5095,0.0007698330009588972
MinHashLSH,100095,96,5096,0.0008339999985764734
MinHashLSH,100096,97,5097,0.0008102909996523522
MinHashLSH,100097,98,5098,0.000795750000179396
MinHashLSH,100098,99,5099,0.0008345830010512145
MinHashLSH,100099,100,5100,0.000686416999087669
ProbMinHashDBSCAN,100000,1,5001,4.333000106271356e-06
ProbMinHashDBSCAN,100001,2,5002,1.249991328222677e-07
ProbMinHashDBSCAN,100002,3,5003,8.300048648379743e-08
ProbMinHashDBSCAN,100003,4,5004,8.400093065574765e-08
ProbMinHashDBSCAN,100004,5,5005,8.300048648379743e-08
ProbMinHashDBSCAN,100005,6,5006,4.2000465327873826e-08
ProbMinHashDBSCAN,100006,7,5007,4.199864633847028e-08
ProbMinHashDBSCAN,100007,8,5008,4.199864633847028e-08
ProbMinHashDBSCAN,100008,9,5009,4.2000465327873826e-08
ProbMinHashDBSCAN,100009,10,5010,8.400093065574765e-08
ProbMinHashDBSCAN,100010,11,5011,1.2500095181167126e-07
ProbMinHashDBSCAN,100011,12,5012,8.300048648379743e-08
ProbMinHashDBSCAN,100012,13,5013,4.1000021155923605e-08
ProbMinHashDBSCAN,100013,14,5014,4.2000465327873826e-08
ProbMinHashDBSCAN,100014,15,5015,8.299866749439389e-08
ProbMinHashDBSCAN,100015,16,5016,8.39991116663441e-08
ProbMinHashDBSCAN,100016,17,5017,4.199864633847028e-08
ProbMinHashDBSCAN,100017,18,5018,4.1000021155923605e-08
ProbMinHashDBSCAN,100018,19,5019,8.300048648379743e-08
ProbMinHashDBSCAN,100019,20,5020,4.2000465327873826e-08
ProbMinHashDBSCAN,100020,21,5021,8.300048648379743e-08
ProbMinHashDBSCAN,100021,22,5022,8.300048648379743e-08
ProbMinHashDBSCAN,100022,23,5023,4.2000465327873826e-08
ProbMinHashDBSCAN,100023,24,5024,4.2000465327873826e-08
ProbMinHashDBSCAN,100024,25,5025,4.2000465327873826e-08
ProbMinHashDBSCAN,100025,26,5026,4.1000021155923605e-08
ProbMinHashDBSCAN,100026,27,5027,4.2000465327873826e-08
ProbMinHashDBSCAN,100027,28,5028,4.199864633847028e-08
ProbMinHashDBSCAN,100028,29,5029,8.300048648379743e-08
ProbMinHashDBSCAN,100029,30,5030,4.199864633847028e-08
ProbMinHashDBSCAN,100030,31,5031,8.299866749439389e-08
ProbMinHashDBSCAN,100031,32,5032,4.2000465327873826e-08
ProbMinHashDBSCAN,100032,33,5033,4.2000465327873826e-08
ProbMinHashDBSCAN,100033,34,5034,4.1000021155923605e-08
ProbMinHashDBSCAN,100034,35,5035,8.300048648379743e-08
ProbMinHashDBSCAN,100035,36,5036,4.199864633847028e-08
ProbMinHashDBSCAN,100036,37,5037,4.2000465327873826e-08
ProbMinHashDBSCAN,100037,38,5038,8.299866749439389e-08
ProbMinHashDBSCAN,100038,39,5039,4.2000465327873826e-08
ProbMinHashDBSCAN,100039,40,5040,4.1000021155923605e-08
ProbMinHashDBSCAN,100040,41,5041,1.2500095181167126e-07
ProbMinHashDBSCAN,100041,42,5042,8.300048648379743e-08
ProbMinHashDBSCAN,100042,43,5043,8.299866749439389e-08
ProbMinHashDBSCAN,100043,44,5044,4.2000465327873826e-08
ProbMinHashDBSCAN,100044,45,5045,4.199864633847028e-08
ProbMinHashDBSCAN,100045,46,5046,4.2000465327873826e-08
ProbMinHashDBSCAN,100046,47,5047,4.2000465327873826e-08
ProbMinHashDBSCAN,100047,48,5048,4.2000465327873826e-08
ProbMinHashDBSCAN,100048,49,5049,4.2000465327873826e-08
ProbMinHashDBSCAN,100049,50,5050,8.39991116663441e-08
ProbMinHashDBSCAN,100050,51,5051,4.199864633847028e-08
ProbMinHashDBSCAN,100051,52,5052,4.2000465327873826e-08
ProbMinHashDBSCAN,100052,53,5053,2.0799961930606514e-07
ProbMinHashDBSCAN,100053,54,5054,4.1000021155923605e-08
ProbMinHashDBSCAN,100054,55,5055,4.2000465327873826e-08
ProbMinHashDBSCAN,100055,56,5056,4.199864633847028e-08
ProbMinHashDBSCAN,100056,57,5057,4.2000465327873826e-08
ProbMinHashDBSCAN,100057,58,5058,8.300048648379743e-08
ProbMinHashDBSCAN,100058,59,5059,4.2000465327873826e-08
ProbMinHashDBSCAN,100059,60,5060,4.199864633847028e-08
ProbMinHashDBSCAN,100060,61,5061,4.2000465327873826e-08
ProbMinHashDBSCAN,100061,62,5062,4.1000021155923605e-08
ProbMinHashDBSCAN,100062,63,5063,0.0
ProbMinHashDBSCAN,100063,64,5064,8.299866749439389e-08
ProbMinHashDBSCAN,100064,65,5065,4.2000465327873826e-08
ProbMinHashDBSCAN,100065,66,5066,8.400093065574765e-08
ProbMinHashDBSCAN,100066,67,5067,8.300048648379743e-08
ProbMinHashDBSCAN,100067,68,5068,4.2000465327873826e-08
ProbMinHashDBSCAN,100068,69,5069,4.199864633847028e-08
ProbMinHashDBSCAN,100069,70,5070,4.199864633847028e-08
ProbMinHashDBSCAN,100070,71,5071,4.199864633847028e-08
ProbMinHashDBSCAN,100071,72,5072,4.2000465327873826e-08
ProbMinHashDBSCAN,100072,73,5073,8.300048648379743e-08
ProbMinHashDBSCAN,100073,74,5074,4.2000465327873826e-08
ProbMinHashDBSCAN,100074,75,5075,4.1000021155923605e-08
ProbMinHashDBSCAN,100075,76,5076,4.2000465327873826e-08
ProbMinHashDBSCAN,100076,77,5077,4.2000465327873826e-08
ProbMinHashDBSCAN,100077,78,5078,4.1000021155923605e-08
ProbMinHashDBSCAN,100078,79,5079,4.2000465327873826e-08
ProbMinHashDBSCAN,100079,80,5080,4.199864633847028e-08
ProbMinHashDBSCAN,100080,81,5081,4.2000465327873826e-08
ProbMinHashDBSCAN,100081,82,5082,4.2000465327873826e-08
ProbMinHashDBSCAN,100082,83,5083,4.2000465327873826e-08
ProbMinHashDBSCAN,100083,84,5084,4.2000465327873826e-08
ProbMinHashDBSCAN,100084,85,5085,4.1000021155923605e-08
ProbMinHashDBSCAN,100085,86,5086,4.199864633847028e-08
ProbMinHashDBSCAN,100086,87,5087,4.2000465327873826e-08
ProbMinHashDBSCAN,100087,88,5088,8.300048648379743e-08
ProbMinHashDBSCAN,100088,89,5089,4.2000465327873826e-08
ProbMinHashDBSCAN,100089,90,5090,4.2000465327873826e-08
ProbMinHashDBSCAN,100090,91,5091,8.300048648379743e-08
ProbMinHashDBSCAN,100091,92,5092,4.1000021155923605e-08
ProbMinHashDBSCAN,100092,93,5093,0.0
ProbMinHashDBSCAN,100093,94,5094,4.1000021155923605e-08
ProbMinHashDBSCAN,100094,95,5095,4.199864633847028e-08
ProbMinHashDBSCAN,100095,96,5096,4.1000021155923605e-08
ProbMinHashDBSCAN,100096,97,5097,0.0
ProbMinHashDBSCAN,100097,98,5098,4.2000465327873826e-08
ProbMinHashDBSCAN,100098,99,5099,4.199864633847028e-08
ProbMinHashDBSCAN,100099,100,5100,4.2000465327873826e-08
ProbMinHashLSH,100000,1,5001,0.005160791999514913
ProbMinHashLSH,100001,2,5002,0.0041596249993745005
ProbMinHashLSH,100002,3,5003,0.003797500001383014
ProbMinHashLSH,100003,4,5004,0.003304166000816622
ProbMinHashLSH,100004,5,5005,0.0037198750014795223
ProbMinHashLSH,100005,6,5006,0.003931582999939565
ProbMinHashLSH,100006,7,5007,0.003884040999764693
ProbMinHashLSH,100007,8,5008,0.003666624999823398
ProbMinHashLSH,100008,9,5009,0.0029198749998613494
ProbMinHashLSH,100009,10,5010,0.005098707999422913
ProbMinHashLSH,100010,11,5011,0.003804417001447291
ProbMinHashLSH,100011,12,5012,0.004183125000054133
ProbMinHashLSH,100012,13,5013,0.002407999998467858
ProbMinHashLSH,100013,14,5014,0.0036647079996328102
ProbMinHashLSH,100014,15,5015,0.00338187499983178
ProbMinHashLSH,100015,16,5016,0.0038283329995465465
ProbMinHashLSH,100016,17,5017,0.003459916000792873
ProbMinHashLSH,100017,18,5018,0.003929084001356387
ProbMinHashLSH,100018,19,5019,0.003509333999318187
ProbMinHashLSH,100019,20,5020,0.0034105000013369136
ProbMinHashLSH,100020,21,5021,0.004546500000287779
ProbMinHashLSH,100021,22,5022,0.004569665999952122
ProbMinHashLSH,100022,23,5023,0.004437250001501525
ProbMinHashLSH,100023,24,5024,0.005056332998719881
ProbMinHashLSH,100024,25,5025,0.0032578749996901024
ProbMinHashLSH,100025,26,5026,0.006255207999856793
ProbMinHashLSH,100026,27,5027,0.005132875001436332
ProbMinHashLSH,100027,28,5028,0.00427983299960033
ProbMinHashLSH,100028,29,5029,0.0036852499997621635
ProbMinHashLSH,100029,30,5030,0.003869832999043865
ProbMinHashLSH,100030,31,5031,0.003484415999992052
ProbMinHashLSH,100031,32,5032,0.004875417000221205
ProbMinHashLSH,100032,33,5033,0.0037803750001330627
ProbMinHashLSH,100033,34,5034,0.003712374998940504
ProbMinHashLSH,100034,35,5035,0.0045279589994606795
ProbMinHashLSH,100035,36,5036,0.004565416000332334
ProbMinHashLSH,100036,37,5037,0.004885999998805346
ProbMinHashLSH,100037,38,5038,0.00406233299872838
ProbMinHashLSH,100038,39,5039,0.0031460829995921813
ProbMinHashLSH,100039,40,5040,0.0037940830006846227
ProbMinHashLSH,100040,41,5041,0.004051957999763545
ProbMinHashLSH,100041,42,5042,0.0035454160006338498
ProbMinHashLSH,100042,43,5043,0.004183916998954373
ProbMinHashLSH,100043,44,5044,0.005148917000042275
ProbMinHashLSH,100044,45,5045,0.003860625000015716
ProbMinHashLSH,100045,46,5046,0.003835000001345179
ProbMinHashLSH,100046,47,5047,0.005159333000847255
ProbMinHashLSH,100047,48,5048,0.003920042001482216
ProbMinHashLSH,100048,49,5049,0.0036322920004749903
ProbMinHashLSH,100049,50,5050,0.003597459000957315
ProbMinHashLSH,100050,51,5051,0.004383874998893589
ProbMinHashLSH,100051,52,5052,0.004774624998390209
ProbMinHashLSH,100052,53,5053,0.005665290998877026
ProbMinHashLSH,100053,54,5054,0.0036248750002414454
ProbMinHashLSH,100054,55,5055,0.005490333000125247
ProbMinHashLSH,100055,56,5056,0.003875083000821178
ProbMinHashLSH,100056,57,5057,0.0032866250003280584
ProbMinHashLSH,100057,58,5058,0.004636125000615721
ProbMinHashLSH,100058,59,5059,0.004694167000707239
ProbMinHashLSH,100059,60,5060,0.003868666999551351
ProbMinHashLSH,100060,61,5061,0.003777959000217379
ProbMinHashLSH,100061,62,5062,0.003355500000907341
ProbMinHashLSH,100062,63,5063,0.0033383749996573897
ProbMinHashLSH,100063,64,5064,0.003628958000263083
ProbMinHashLSH,100064,65,5065,0.00380037499962782
ProbMinHashLSH,100065,66,5066,0.003976791998866247
ProbMinHashLSH,100066,67,5067,0.0028756669998983853
ProbMinHashLSH,100067,68,5068,0.004532083999947645
ProbMinHashLSH,100068,69,5069,0.005097125000247615
ProbMinHashLSH,100069,70,5070,0.004432749999978114
ProbMinHashLSH,100070,71,5071,0.004705875000581727
ProbMinHashLSH,100071,72,5072,0.004843332999371341
ProbMinHashLSH,100072,73,5073,0.0050948330008395715
ProbMinHashLSH,100073,74,5074,0.0048673329984012526
ProbMinHashLSH,100074,75,5075,0.004181082998911734
ProbMinHashLSH,100075,76,5076,0.00539516599928902
ProbMinHashLSH,100076,77,5077,0.003876875000059954
ProbMinHashLSH,100077,78,5078,0.005168499999854248
ProbMinHashLSH,100078,79,5079,0.0032840000003488967
ProbMinHashLSH,100079,80,5080,0.0035317499987286283
ProbMinHashLSH,100080,81,5081,0.003408667000257992
ProbMinHashLSH,100081,82,5082,0.004529957999693579
ProbMinHashLSH,100082,83,5083,0.0032561659991188208
ProbMinHashLSH,100083,84,5084,0.0033178749999933643
ProbMinHashLSH,100084,85,5085,0.004081958999449853
ProbMinHashLSH,100085,86,5086,0.004467832999580423
ProbMinHashLSH,100086,87,5087,0.004490625000471482
ProbMinHashLSH,100087,88,5088,0.004273750000720611
ProbMinHashLSH,100088,89,5089,0.004252665999956662
ProbMinHashLSH,100089,90,5090,0.004518249999819091
ProbMinHashLSH,100090,91,5091,0.005444749998787302
ProbMinHashLSH,100091,92,5092,0.00572325000030105
ProbMinHashLSH,100092,93,5093,0.004285749999326072
ProbMinHashLSH,100093,94,5094,0.004097291999642039
ProbMinHashLSH,100094,95,5095,0.00595074999910139
ProbMinHashLSH,100095,96,5096,0.0047049160002643475
ProbMinHashLSH,100096,97,5097,0.004308958001274732
ProbMinHashLSH,100097,98,5098,0.003907375001290347
ProbMinHashLSH,100098,99,5099,0.00424804200156359
ProbMinHashLSH,100099,100,5100,0.0034176249992015073
