retriever,corpus_size,mean_latency_s,std_latency_s
Classic (O(n)),100,0.00024877500254660845,0.00014158961967645963
BM25 (O(n)),100,6.774980574846268e-05,8.560783058098616e-06
MinHash (sub-linear),100,0.0006286001764237881,6.0662390602228645e-05
MinHashLSH (sub-linear),100,0.0003509000060148537,1.5660591988376138e-05
Classic (O(n)),500,0.00037603321252390744,0.00011256527120551858
BM25 (O(n)),500,0.00019538359483703971,3.184505416724623e-05
MinHash (sub-linear),500,0.0007345416001044214,0.00031055295321781476
MinHashLSH (sub-linear),500,0.0004029330099001527,1.7157499682034836e-05
Classic (O(n)),1000,0.0004459999967366457,0.0002720236559601152
BM25 (O(n)),1000,0.000372533209156245,0.0001030290009552348
MinHash (sub-linear),1000,0.0008262166054919362,0.00045971989718035614
MinHashLSH (sub-linear),1000,0.00045570001238957045,3.1135116002819586e-05
Classic (O(n)),1901,0.0009098999900743366,0.00108462309003499
BM25 (O(n)),1901,0.0008501666132360696,0.000383484146482289
MinHash (sub-linear),1901,0.0010322164045646787,0.00046639124006893107
MinHashLSH (sub-linear),1901,0.0005688087898306548,4.158306913984659e-05
