retriever,update_latency_s
Classic,2.246324540989008
Classic,2.396782167023048
Classic,2.223534666991327
Classic,2.1967276250070427
Classic,2.2846190840064082
Classic,2.2858466249890625
Classic,2.30021637500613
Classic,2.277387458976591
Classic,2.2854092920024414
Classic,2.2935663330135867
Classic,2.2725328340020496
Classic,2.274519833008526
Classic,2.247609750018455
Classic,2.1823752500058617
Classic,2.1896447089966387
Classic,2.3206310420064256
Classic,2.291829416004475
Classic,2.3118023330171127
Classic,2.476198792021023
Classic,2.32001104200026
BM25,0.03451016600592993
BM25,0.03413479099981487
BM25,0.03404716702061705
BM25,0.034810417011613026
BM25,0.03380566701525822
BM25,0.034348208020674065
BM25,0.033150625007692724
BM25,0.03406858298694715
BM25,0.03419700000085868
BM25,0.03475804199115373
BM25,0.0320764169737231
BM25,0.03451950001181103
BM25,0.033866083016619086
BM25,0.0336860420065932
BM25,0.03408095898339525
BM25,0.033020874980138615
BM25,0.03425150000839494
BM25,0.03465062499162741
BM25,0.03452354099135846
BM25,0.03411424998193979
MinHash,0.00351316700107418
MinHash,0.0031578750058542937
MinHash,0.0031873330008238554
MinHash,0.0031697499798610806
MinHash,0.003175124991685152
MinHash,0.002930791990365833
MinHash,0.002874333004001528
MinHash,0.0031405409972649068
MinHash,0.003100667003309354
MinHash,0.003634124994277954
MinHash,0.003093584004091099
MinHash,0.0031349580094683915
MinHash,0.003231874987250194
MinHash,0.0032474580220878124
MinHash,0.0030953329987823963
MinHash,0.0029913330217823386
MinHash,0.003123125003185123
MinHash,0.0027474579983390868
MinHash,0.0029297090077307075
MinHash,0.00330174999544397
Sketch,0.04362079198472202
Sketch,0.04034458298701793
Sketch,0.04097704100422561
Sketch,0.04187950000050478
Sketch,0.041303625010186806
Sketch,0.04008979198988527
Sketch,0.04146391700487584
Sketch,0.039549667009850964
Sketch,0.039099000015994534
Sketch,0.0441712909960188
Sketch,0.04217795899603516
Sketch,0.04029504198115319
Sketch,0.042516040994087234
Sketch,0.04096362501149997
Sketch,0.04119191601057537
Sketch,0.042475499998545274
Sketch,0.04270450002513826
Sketch,0.040559332992415875
Sketch,0.04287820900208317
Sketch,0.056690750003326684
